1901,0
1901.04167,0
1901.08333,0
1901.125,0
1901.16667,0
1901.20833,0
1901.25,0
1901.29167,0
1901.33333,0
1901.375,0
1901.41667,0
1901.45833,0
1901.5,0
1901.54167,0
1901.58333,0
1901.625,0
1901.66667,0
1901.70833,0
1901.75,0
1901.79167,0
1901.83333,0
1901.875,0
1901.91667,0
1901.95833,0
1902,0
1902.04167,0
1902.08333,0
1902.125,0
1902.16667,0
1902.20833,0
1902.25,0
1902.29167,0
1902.33333,0
1902.375,0
1902.41667,0
1902.45833,0
1902.5,0
1902.54167,0
1902.58333,0
1902.625,0
1902.66667,0
1902.70833,0
1902.75,0
1902.79167,0
1902.83333,0
1902.875,0
1902.91667,0
1902.95833,0
1903,0
1903.04167,0
1903.08333,0
1903.125,0
1903.16667,0
1903.20833,0
1903.25,0
1903.29167,0
1903.33333,0
1903.375,0
1903.41667,0
1903.45833,0
1903.5,0
1903.54167,0
1903.58333,0
1903.625,0
1903.66667,0
1903.70833,0
1903.75,0
1903.79167,0
1903.83333,0
1903.875,0
1903.91667,0
1903.95833,0
1904,0
1904.04167,0
1904.08333,0
1904.125,0
1904.16667,0
1904.20833,0
1904.25,0
1904.29167,0
1904.33333,0
1904.375,0
1904.41667,0
1904.45833,0
1904.5,0
1904.54167,0
1904.58333,0
1904.625,0
1904.66667,0
1904.70833,0
1904.75,0
1904.79167,0
1904.83333,0
1904.875,0
1904.91667,0
1904.95833,0
1905,0
1905.04167,0
1905.08333,0
1905.125,0
1905.16667,0
1905.20833,0
1905.25,0
1905.29167,0
1905.33333,0
1905.375,0
1905.41667,0
1905.45833,5
1905.5,11
1905.54167,5
1905.58333,0
1905.625,0
1905.66667,0
1905.70833,0
1905.75,0
1905.79167,0
1905.83333,0
1905.875,0
1905.91667,0
1905.95833,0
1906,0
1906.04167,0
1906.08333,0
1906.125,0
1906.16667,0
1906.20833,0
1906.25,0
1906.29167,0
1906.33333,0
1906.375,0
1906.41667,0
1906.45833,0
1906.5,0
1906.54167,0
1906.58333,0
1906.625,0
1906.66667,0
1906.70833,0
1906.75,0
1906.79167,0
1906.83333,0
1906.875,0
1906.91667,0
1906.95833,0
1907,0
1907.04167,0
1907.08333,0
1907.125,0
1907.16667,0
1907.20833,0
1907.25,0
1907.29167,0
1907.33333,0
1907.375,0
1907.41667,0
1907.45833,0
1907.5,0
1907.54167,0
1907.58333,0
1907.625,0
1907.66667,0
1907.70833,0
1907.75,0
1907.79167,36
1907.83333,72
1907.875,40
1907.91667,8
1907.95833,4
1908,0
1908.04167,0
1908.08333,0
1908.125,0
1908.16667,0
1908.20833,0
1908.25,0
1908.29167,0
1908.33333,0
1908.375,0
1908.41667,0
1908.45833,0
1908.5,0
1908.54167,0
1908.58333,0
1908.625,0
1908.66667,0
1908.70833,0
1908.75,0
1908.79167,0
1908.83333,0
1908.875,0
1908.91667,0
1908.95833,0
1909,0
1909.04167,0
1909.08333,0
1909.125,0
1909.16667,0
1909.20833,0
1909.25,0
1909.29167,0
1909.33333,0
1909.375,0
1909.41667,0
1909.45833,0
1909.5,0
1909.54167,0
1909.58333,0
1909.625,0
1909.66667,0
1909.70833,0
1909.75,0
1909.79167,0
1909.83333,0
1909.875,0
1909.91667,0
1909.95833,0
1910,0
1910.04167,0
1910.08333,0
1910.125,0
1910.16667,0
1910.20833,0
1910.25,0
1910.29167,0
1910.33333,0
1910.375,0
1910.41667,0
1910.45833,0
1910.5,0
1910.54167,0
1910.58333,0
1910.625,0
1910.66667,0
1910.70833,0
1910.75,0
1910.79167,0
1910.83333,0
1910.875,0
1910.91667,0
1910.95833,0
1911,0
1911.04167,0
1911.08333,0
1911.125,0
1911.16667,0
1911.20833,0
1911.25,0
1911.29167,0
1911.33333,0
1911.375,0
1911.41667,0
1911.45833,0
1911.5,0
1911.54167,0
1911.58333,0
1911.625,0
1911.66667,0
1911.70833,0
1911.75,0
1911.79167,0
1911.83333,0
1911.875,0
1911.91667,0
1911.95833,0
1912,0
1912.04167,0
1912.08333,0
1912.125,0
1912.16667,0
1912.20833,0
1912.25,0
1912.29167,0
1912.33333,0
1912.375,0
1912.41667,0
1912.45833,0
1912.5,0
1912.54167,0
1912.58333,0
1912.625,0
1912.66667,0
1912.70833,0
1912.75,0
1912.79167,0
1912.83333,0
1912.875,0
1912.91667,0
1912.95833,0
1913,0
1913.04167,0
1913.08333,0
1913.125,0
1913.16667,0
1913.20833,0
1913.25,0
1913.29167,0
1913.33333,0
1913.375,0
1913.41667,0
1913.45833,0
1913.5,0
1913.54167,0
1913.58333,0
1913.625,0
1913.66667,0
1913.70833,0
1913.75,0
1913.79167,0
1913.83333,0
1913.875,0
1913.91667,0
1913.95833,0
1914,0
1914.04167,0
1914.08333,0
1914.125,0
1914.16667,0
1914.20833,0
1914.25,0
1914.29167,0
1914.33333,0
1914.375,0
1914.41667,0
1914.45833,0
1914.5,0
1914.54167,0
1914.58333,0
1914.625,0
1914.66667,0
1914.70833,0
1914.75,0
1914.79167,0
1914.83333,0
1914.875,0
1914.91667,0
1914.95833,0
1915,0
1915.04167,0
1915.08333,0
1915.125,0
1915.16667,0
1915.20833,0
1915.25,0
1915.29167,0
1915.33333,0
1915.375,0
1915.41667,0
1915.45833,0
1915.5,0
1915.54167,0
1915.58333,0
1915.625,0
1915.66667,0
1915.70833,0
1915.75,0
1915.79167,0
1915.83333,0
1915.875,0
1915.91667,0
1915.95833,0
1916,0
1916.04167,0
1916.08333,0
1916.125,0
1916.16667,0
1916.20833,0
1916.25,0
1916.29167,0
1916.33333,0
1916.375,0
1916.41667,0
1916.45833,1
1916.5,3
1916.54167,4
1916.58333,4
1916.625,2
1916.66667,0
1916.70833,0
1916.75,0
1916.79167,0
1916.83333,0
1916.875,0
1916.91667,0
1916.95833,0
1917,0
1917.04167,0
1917.08333,0
1917.125,0
1917.16667,0
1917.20833,0
1917.25,0
1917.29167,0
1917.33333,0
1917.375,0
1917.41667,0
1917.45833,0
1917.5,0
1917.54167,0
1917.58333,0
1917.625,0
1917.66667,0
1917.70833,0
1917.75,0
1917.79167,0
1917.83333,0
1917.875,0
1917.91667,0
1917.95833,0
1918,0
1918.04167,0
1918.08333,0
1918.125,0
1918.16667,0
1918.20833,0
1918.25,0
1918.29167,0
1918.33333,0
1918.375,0
1918.41667,0
1918.45833,0
1918.5,0
1918.54167,0
1918.58333,0
1918.625,0
1918.66667,0
1918.70833,0
1918.75,0
1918.79167,0
1918.83333,0
1918.875,0
1918.91667,0
1918.95833,0
1919,0
1919.04167,0
1919.08333,0
1919.125,0
1919.16667,0
1919.20833,0
1919.25,0
1919.29167,0
1919.33333,0
1919.375,0
1919.41667,0
1919.45833,0
1919.5,0
1919.54167,0
1919.58333,0
1919.625,0
1919.66667,0
1919.70833,0
1919.75,0
1919.79167,0
1919.83333,0
1919.875,0
1919.91667,0
1919.95833,0
1920,0
1920.04167,0
1920.08333,0
1920.125,0
1920.16667,0
1920.20833,0
1920.25,0
1920.29167,0
1920.33333,0
1920.375,0
1920.41667,0
1920.45833,0
1920.5,0
1920.54167,0
1920.58333,0
1920.625,0
1920.66667,0
1920.70833,0
1920.75,0
1920.79167,0
1920.83333,0
1920.875,0
1920.91667,0
1920.95833,0
1921,0
1921.04167,0
1921.08333,0
1921.125,0
1921.16667,0
1921.20833,0
1921.25,0
1921.29167,0
1921.33333,0
1921.375,0
1921.41667,0
1921.45833,0
1921.5,0
1921.54167,0
1921.58333,0
1921.625,0
1921.66667,0
1921.70833,0
1921.75,0
1921.79167,0
1921.83333,0
1921.875,0
1921.91667,0
1921.95833,0
1922,0
1922.04167,0
1922.08333,0
1922.125,0
1922.16667,0
1922.20833,0
1922.25,0
1922.29167,0
1922.33333,0
1922.375,0
1922.41667,0
1922.45833,0
1922.5,0
1922.54167,0
1922.58333,0
1922.625,0
1922.66667,0
1922.70833,0
1922.75,0
1922.79167,0
1922.83333,0
1922.875,0
1922.91667,0
1922.95833,0
1923,0
1923.04167,0
1923.08333,0
1923.125,0
1923.16667,0
1923.20833,0
1923.25,0
1923.29167,0
1923.33333,0
1923.375,0
1923.41667,0
1923.45833,0
1923.5,0
1923.54167,0
1923.58333,0
1923.625,0
1923.66667,0
1923.70833,0
1923.75,0
1923.79167,0
1923.83333,0
1923.875,0
1923.91667,0
1923.95833,0
1924,0
1924.04167,0
1924.08333,0
1924.125,0
1924.16667,0
1924.20833,0
1924.25,0
1924.29167,0
1924.33333,0
1924.375,0
1924.41667,0
1924.45833,0
1924.5,1
1924.54167,4
1924.58333,7
1924.625,4
1924.66667,0
1924.70833,0
1924.75,0
1924.79167,0
1924.83333,0
1924.875,0
1924.91667,0
1924.95833,0
1925,0
1925.04167,0
1925.08333,0
1925.125,0
1925.16667,0
1925.20833,0
1925.25,0
1925.29167,0
1925.33333,0
1925.375,0
1925.41667,0
1925.45833,0
1925.5,0
1925.54167,0
1925.58333,0
1925.625,0
1925.66667,0
1925.70833,0
1925.75,0
1925.79167,0
1925.83333,0
1925.875,0
1925.91667,0
1925.95833,0
1926,0
1926.04167,0
1926.08333,0
1926.125,0
1926.16667,0
1926.20833,0
1926.25,0
1926.29167,0
1926.33333,0
1926.375,0
1926.41667,0
1926.45833,0
1926.5,0
1926.54167,0
1926.58333,0
1926.625,0
1926.66667,0
1926.70833,0
1926.75,0
1926.79167,0
1926.83333,0
1926.875,0
1926.91667,0
1926.95833,0
1927,0
1927.04167,0
1927.08333,0
1927.125,0
1927.16667,0
1927.20833,0
1927.25,0
1927.29167,0
1927.33333,0
1927.375,0
1927.41667,0
1927.45833,0
1927.5,0
1927.54167,0
1927.58333,0
1927.625,0
1927.66667,0
1927.70833,0
1927.75,0
1927.79167,0
1927.83333,0
1927.875,0
1927.91667,0
1927.95833,0
1928,0
1928.04167,0
1928.08333,0
1928.125,0
1928.16667,0
1928.20833,0
1928.25,0
1928.29167,0
1928.33333,0
1928.375,0
1928.41667,0
1928.45833,0
1928.5,0
1928.54167,0
1928.58333,0
1928.625,0
1928.66667,0
1928.70833,0
1928.75,0
1928.79167,0
1928.83333,0
1928.875,1
1928.91667,2
1928.95833,2
1929,1
1929.04167,0
1929.08333,0
1929.125,0
1929.16667,0
1929.20833,0
1929.25,0
1929.29167,0
1929.33333,0
1929.375,0
1929.41667,0
1929.45833,0
1929.5,0
1929.54167,0
1929.58333,0
1929.625,0
1929.66667,0
1929.70833,0
1929.75,0
1929.79167,0
1929.83333,0
1929.875,0
1929.91667,0
1929.95833,0
1930,0
1930.04167,0
1930.08333,0
1930.125,0
1930.16667,0
1930.20833,0
1930.25,0
1930.29167,0
1930.33333,0
1930.375,0
1930.41667,0
1930.45833,0
1930.5,0
1930.54167,0
1930.58333,0
1930.625,0
1930.66667,0
1930.70833,0
1930.75,0
1930.79167,0
1930.83333,0
1930.875,0
1930.91667,0
1930.95833,0
1931,0
1931.04167,0
1931.08333,0
1931.125,0
1931.16667,0
1931.20833,0
1931.25,0
1931.29167,0
1931.33333,0
1931.375,0
1931.41667,0
1931.45833,0
1931.5,0
1931.54167,0
1931.58333,0
1931.625,0
1931.66667,0
1931.70833,0
1931.75,0
1931.79167,0
1931.83333,0
1931.875,0
1931.91667,0
1931.95833,0
1932,0
1932.04167,0
1932.08333,0
1932.125,0
1932.16667,0
1932.20833,0
1932.25,0
1932.29167,0
1932.33333,0
1932.375,0
1932.41667,0
1932.45833,0
1932.5,0
1932.54167,0
1932.58333,0
1932.625,0
1932.66667,0
1932.70833,0
1932.75,0
1932.79167,0
1932.83333,0
1932.875,0
1932.91667,0
1932.95833,0
1933,0
1933.04167,0
1933.08333,0
1933.125,0
1933.16667,0
1933.20833,0
1933.25,0
1933.29167,0
1933.33333,0
1933.375,0
1933.41667,0
1933.45833,0
1933.5,0
1933.54167,0
1933.58333,0
1933.625,0
1933.66667,0
1933.70833,0
1933.75,0
1933.79167,0
1933.83333,0
1933.875,0
1933.91667,0
1933.95833,0
1934,0
1934.04167,0
1934.08333,0
1934.125,0
1934.16667,0
1934.20833,0
1934.25,0
1934.29167,0
1934.33333,0
1934.375,0
1934.41667,0
1934.45833,0
1934.5,0
1934.54167,0
1934.58333,0
1934.625,0
1934.66667,0
1934.70833,0
1934.75,0
1934.79167,0
1934.83333,0
1934.875,0
1934.91667,0
1934.95833,0
1935,0
1935.04167,0
1935.08333,0
1935.125,0
1935.16667,0
1935.20833,0
1935.25,0
1935.29167,0
1935.33333,0
1935.375,0
1935.41667,0
1935.45833,0
1935.5,0
1935.54167,1
1935.58333,1
1935.625,1
1935.66667,0
1935.70833,0
1935.75,0
1935.79167,0
1935.83333,0
1935.875,0
1935.91667,0
1935.95833,0
1936,0
1936.04167,0
1936.08333,0
1936.125,0
1936.16667,0
1936.20833,0
1936.25,0
1936.29167,32
1936.33333,63
1936.375,93
1936.41667,122
1936.45833,72
1936.5,21
1936.54167,15
1936.58333,10
1936.625,5
1936.66667,0
1936.70833,0
1936.75,0
1936.79167,0
1936.83333,0
1936.875,0
1936.91667,0
1936.95833,0
1937,0
1937.04167,0
1937.08333,0
1937.125,0
1937.16667,0
1937.20833,0
1937.25,0
1937.29167,0
1937.33333,0
1937.375,0
1937.41667,0
1937.45833,0
1937.5,0
1937.54167,0
1937.58333,0
1937.625,0
1937.66667,0
1937.70833,0
1937.75,0
1937.79167,0
1937.83333,0
1937.875,0
1937.91667,0
1937.95833,0
1938,0
1938.04167,0
1938.08333,0
1938.125,0
1938.16667,0
1938.20833,0
1938.25,0
1938.29167,0
1938.33333,0
1938.375,0
1938.41667,0
1938.45833,0
1938.5,0
1938.54167,0
1938.58333,0
1938.625,0
1938.66667,0
1938.70833,0
1938.75,0
1938.79167,0
1938.83333,0
1938.875,0
1938.91667,0
1938.95833,0
1939,0
1939.04167,0
1939.08333,0
1939.125,0
1939.16667,0
1939.20833,0
1939.25,0
1939.29167,0
1939.33333,0
1939.375,0
1939.41667,0
1939.45833,0
1939.5,0
1939.54167,0
1939.58333,0
1939.625,0
1939.66667,0
1939.70833,0
1939.75,0
1939.79167,0
1939.83333,0
1939.875,0
1939.91667,0
1939.95833,0
1940,0
1940.04167,0
1940.08333,0
1940.125,0
1940.16667,0
1940.20833,0
1940.25,0
1940.29167,0
1940.33333,0
1940.375,0
1940.41667,0
1940.45833,0
1940.5,0
1940.54167,0
1940.58333,0
1940.625,0
1940.66667,0
1940.70833,0
1940.75,0
1940.79167,0
1940.83333,0
1940.875,0
1940.91667,0
1940.95833,0
1941,0
1941.04167,0
1941.08333,0
1941.125,0
1941.16667,0
1941.20833,0
1941.25,0
1941.29167,0
1941.33333,0
1941.375,0
1941.41667,0
1941.45833,0
1941.5,0
1941.54167,0
1941.58333,0
1941.625,0
1941.66667,0
1941.70833,0
1941.75,0
1941.79167,0
1941.83333,0
1941.875,0
1941.91667,0
1941.95833,0
1942,0
1942.04167,0
1942.08333,0
1942.125,0
1942.16667,0
1942.20833,0
1942.25,0
1942.29167,0
1942.33333,0
1942.375,0
1942.41667,0
1942.45833,0
1942.5,0
1942.54167,0
1942.58333,0
1942.625,0
1942.66667,0
1942.70833,0
1942.75,0
1942.79167,0
1942.83333,0
1942.875,0
1942.91667,0
1942.95833,0
1943,0
1943.04167,0
1943.08333,0
1943.125,0
1943.16667,0
1943.20833,0
1943.25,1
1943.29167,9
1943.33333,17
1943.375,12
1943.41667,7
1943.45833,5
1943.5,3
1943.54167,3
1943.58333,3
1943.625,2
1943.66667,0
1943.70833,0
1943.75,0
1943.79167,0
1943.83333,0
1943.875,0
1943.91667,0
1943.95833,0
1944,0
1944.04167,0
1944.08333,0
1944.125,0
1944.16667,0
1944.20833,0
1944.25,0
1944.29167,0
1944.33333,0
1944.375,0
1944.41667,0
1944.45833,0
1944.5,0
1944.54167,0
1944.58333,0
1944.625,0
1944.66667,0
1944.70833,0
1944.75,0
1944.79167,0
1944.83333,0
1944.875,0
1944.91667,0
1944.95833,0
1945,0
1945.04167,0
1945.08333,0
1945.125,0
1945.16667,0
1945.20833,0
1945.25,0
1945.29167,0
1945.33333,0
1945.375,0
1945.41667,0
1945.45833,0
1945.5,0
1945.54167,0
1945.58333,0
1945.625,0
1945.66667,0
1945.70833,0
1945.75,0
1945.79167,0
1945.83333,0
1945.875,0
1945.91667,0
1945.95833,0
1946,0
1946.04167,0
1946.08333,0
1946.125,0
1946.16667,0
1946.20833,0
1946.25,0
1946.29167,0
1946.33333,0
1946.375,0
1946.41667,0
1946.45833,0
1946.5,0
1946.54167,0
1946.58333,0
1946.625,0
1946.66667,0
1946.70833,0
1946.75,0
1946.79167,0
1946.83333,0
1946.875,0
1946.91667,0
1946.95833,0
1947,0
1947.04167,0
1947.08333,0
1947.125,0
1947.16667,0
1947.20833,0
1947.25,0
1947.29167,2
1947.33333,3
1947.375,5
1947.41667,8
1947.45833,17
1947.5,25
1947.54167,15
1947.58333,5
1947.625,3
1947.66667,1
1947.70833,0
1947.75,0
1947.79167,0
1947.83333,0
1947.875,0
1947.91667,0
1947.95833,0
1948,0
1948.04167,0
1948.08333,0
1948.125,0
1948.16667,0
1948.20833,0
1948.25,0
1948.29167,0
1948.33333,0
1948.375,0
1948.41667,0
1948.45833,0
1948.5,0
1948.54167,0
1948.58333,0
1948.625,0
1948.66667,0
1948.70833,0
1948.75,0
1948.79167,0
1948.83333,0
1948.875,0
1948.91667,0
1948.95833,0
1949,0
1949.04167,0
1949.08333,0
1949.125,0
1949.16667,0
1949.20833,0
1949.25,0
1949.29167,0
1949.33333,0
1949.375,0
1949.41667,0
1949.45833,0
1949.5,0
1949.54167,0
1949.58333,0
1949.625,0
1949.66667,0
1949.70833,0
1949.75,0
1949.79167,0
1949.83333,0
1949.875,0
1949.91667,0
1949.95833,0
1950,0
1950.04167,0
1950.08333,0
1950.125,0
1950.16667,0
1950.20833,0
1950.25,0
1950.29167,0
1950.33333,0
1950.375,0
1950.41667,0
1950.45833,0
1950.5,0
1950.54167,0
1950.58333,0
1950.625,0
1950.66667,0
1950.70833,0
1950.75,0
1950.79167,0
1950.83333,0
1950.875,0
1950.91667,1
1950.95833,2
1951,3
1951.04167,2
1951.08333,0
1951.125,0
1951.16667,0
1951.20833,0
1951.25,0
1951.29167,0
1951.33333,0
1951.375,0
1951.41667,1
1951.45833,0
1951.5,0
1951.54167,0
1951.58333,0
1951.625,0
1951.66667,0
1951.70833,0
1951.75,0
1951.79167,0
1951.83333,0
1951.875,0
1951.91667,0
1951.95833,0
1952,0
1952.04167,0
1952.08333,0
1952.125,0
1952.16667,0
1952.20833,0
1952.25,0
1952.29167,0
1952.33333,0
1952.375,0
1952.41667,0
1952.45833,0
1952.5,0
1952.54167,0
1952.58333,0
1952.625,0
1952.66667,0
1952.70833,0
1952.75,0
1952.79167,0
1952.83333,0
1952.875,0
1952.91667,0
1952.95833,0
1953,0
1953.04167,0
1953.08333,0
1953.125,0
1953.16667,0
1953.20833,0
1953.25,0
1953.29167,0
1953.33333,0
1953.375,0
1953.41667,0
1953.45833,0
1953.5,0
1953.54167,0
1953.58333,0
1953.625,0
1953.66667,0
1953.70833,0
1953.75,0
1953.79167,0
1953.83333,0
1953.875,0
1953.91667,0
1953.95833,0
1954,0
1954.04167,0
1954.08333,0
1954.125,0
1954.16667,0
1954.20833,0
1954.25,0
1954.29167,0
1954.33333,0
1954.375,2
1954.41667,5
1954.45833,3
1954.5,2
1954.54167,3
1954.58333,3
1954.625,2
1954.66667,0
1954.70833,0
1954.75,0
1954.79167,1
1954.83333,1
1954.875,23
1954.91667,46
1954.95833,30
1955,15
1955.04167,12
1955.08333,9
1955.125,9
1955.16667,9
1955.20833,6
1955.25,4
1955.29167,2
1955.33333,0
1955.375,0
1955.41667,0
1955.45833,0
1955.5,0
1955.54167,0
1955.58333,0
1955.625,0
1955.66667,0
1955.70833,0
1955.75,0
1955.79167,0
1955.83333,0
1955.875,0
1955.91667,0
1955.95833,0
1956,0
1956.04167,0
1956.08333,0
1956.125,0
1956.16667,0
1956.20833,0
1956.25,0
1956.29167,0
1956.33333,0
1956.375,0
1956.41667,0
1956.45833,0
1956.5,0
1956.54167,0
1956.58333,0
1956.625,0
1956.66667,0
1956.70833,0
1956.75,0
1956.79167,0
1956.83333,0
1956.875,0
1956.91667,0
1956.95833,0
1957,0
1957.04167,0
1957.08333,0
1957.125,0
1957.16667,0
1957.20833,0
1957.25,0
1957.29167,0
1957.33333,0
1957.375,0
1957.41667,0
1957.45833,0
1957.5,0
1957.54167,0
1957.58333,0
1957.625,0
1957.66667,0
1957.70833,0
1957.75,0
1957.79167,0
1957.83333,0
1957.875,0
1957.91667,0
1957.95833,0
1958,0
1958.04167,0
1958.08333,0
1958.125,0
1958.16667,0
1958.20833,0
1958.25,0
1958.29167,0
1958.33333,0
1958.375,0
1958.41667,0
1958.45833,0
1958.5,0
1958.54167,0
1958.58333,0
1958.625,0
1958.66667,0
1958.70833,0
1958.75,0
1958.79167,0
1958.83333,0
1958.875,0
1958.91667,0
1958.95833,0
1959,0
1959.04167,0
1959.08333,0
1959.125,0
1959.16667,0
1959.20833,0
1959.25,0
1959.29167,0
1959.33333,0
1959.375,0
1959.41667,0
1959.45833,0
1959.5,0
1959.54167,0
1959.58333,0
1959.625,0
1959.66667,0
1959.70833,0
1959.75,0
1959.79167,0
1959.83333,0
1959.875,0
1959.91667,0
1959.95833,0
1960,0
1960.04167,0
1960.08333,0
1960.125,0
1960.16667,0
1960.20833,0
1960.25,0
1960.29167,0
1960.33333,0
1960.375,0
1960.41667,0
1960.45833,0
1960.5,0
1960.54167,0
1960.58333,0
1960.625,0
1960.66667,0
1960.70833,0
1960.75,0
1960.79167,0
1960.83333,0
1960.875,0
1960.91667,0
1960.95833,0
1961,0
1961.04167,0
1961.08333,0
1961.125,0
1961.16667,0
1961.20833,0
1961.25,0
1961.29167,0
1961.33333,0
1961.375,0
1961.41667,0
1961.45833,0
1961.5,0
1961.54167,0
1961.58333,0
1961.625,0
1961.66667,0
1961.70833,0
1961.75,0
1961.79167,0
1961.83333,0
1961.875,0
1961.91667,0
1961.95833,0
1962,0
1962.04167,0
1962.08333,0
1962.125,0
1962.16667,0
1962.20833,0
1962.25,0
1962.29167,0
1962.33333,0
1962.375,0
1962.41667,0
1962.45833,0
1962.5,0
1962.54167,0
1962.58333,0
1962.625,1
1962.66667,3
1962.70833,1
1962.75,0
1962.79167,0
1962.83333,0
1962.875,0
1962.91667,0
1962.95833,0
1963,0
1963.04167,0
1963.08333,0
1963.125,0
1963.16667,1
1963.20833,3
1963.25,5
1963.29167,3
1963.33333,0
1963.375,0
1963.41667,0
1963.45833,0
1963.5,0
1963.54167,0
1963.58333,0
1963.625,0
1963.66667,0
1963.70833,0
1963.75,0
1963.79167,0
1963.83333,0
1963.875,0
1963.91667,0
1963.95833,0
1964,0
1964.04167,0
1964.08333,0
1964.125,0
1964.16667,0
1964.20833,0
1964.25,0
1964.29167,0
1964.33333,0
1964.375,0
1964.41667,0
1964.45833,0
1964.5,0
1964.54167,0
1964.58333,0
1964.625,0
1964.66667,0
1964.70833,0
1964.75,0
1964.79167,0
1964.83333,0
1964.875,0
1964.91667,0
1964.95833,0
1965,0
1965.04167,0
1965.08333,0
1965.125,0
1965.16667,0
1965.20833,0
1965.25,0
1965.29167,0
1965.33333,0
1965.375,0
1965.41667,0
1965.45833,0
1965.5,0
1965.54167,0
1965.58333,0
1965.625,0
1965.66667,0
1965.70833,0
1965.75,0
1965.79167,0
1965.83333,0
1965.875,0
1965.91667,0
1965.95833,0
1966,0
1966.04167,0
1966.08333,0
1966.125,0
1966.16667,0
1966.20833,0
1966.25,0
1966.29167,0
1966.33333,0
1966.375,0
1966.41667,0
1966.45833,0
1966.5,0
1966.54167,0
1966.58333,0
1966.625,0
1966.66667,0
1966.70833,0
1966.75,0
1966.79167,0
1966.83333,0
1966.875,0
1966.91667,0
1966.95833,0
1967,0
1967.04167,0
1967.08333,0
1967.125,0
1967.16667,0
1967.20833,0
1967.25,0
1967.29167,6
1967.33333,11
1967.375,11
1967.41667,11
1967.45833,8
1967.5,5
1967.54167,16
1967.58333,27
1967.625,20
1967.66667,13
1967.70833,8
1967.75,3
1967.79167,2
1967.83333,0
1967.875,0
1967.91667,0
1967.95833,0
1968,0
1968.04167,0
1968.08333,0
1968.125,0
1968.16667,0
1968.20833,0
1968.25,0
1968.29167,0
1968.33333,0
1968.375,0
1968.41667,0
1968.45833,0
1968.5,0
1968.54167,0
1968.58333,0
1968.625,0
1968.66667,0
1968.70833,0
1968.75,0
1968.79167,0
1968.83333,0
1968.875,0
1968.91667,0
1968.95833,0
1969,0
1969.04167,0
1969.08333,0
1969.125,0
1969.16667,0
1969.20833,0
1969.25,0
1969.29167,0
1969.33333,0
1969.375,0
1969.41667,0
1969.45833,0
1969.5,0
1969.54167,0
1969.58333,0
1969.625,0
1969.66667,1
1969.70833,2
1969.75,2
1969.79167,1
1969.83333,0
1969.875,0
1969.91667,0
1969.95833,0
1970,0
1970.04167,0
1970.08333,0
1970.125,0
1970.16667,0
1970.20833,0
1970.25,0
1970.29167,0
1970.33333,0
1970.375,0
1970.41667,0
1970.45833,0
1970.5,0
1970.54167,0
1970.58333,0
1970.625,0
1970.66667,0
1970.70833,0
1970.75,0
1970.79167,0
1970.83333,0
1970.875,0
1970.91667,0
1970.95833,0
1971,0
1971.04167,0
1971.08333,0
1971.125,0
1971.16667,0
1971.20833,0
1971.25,0
1971.29167,0
1971.33333,0
1971.375,0
1971.41667,0
1971.45833,0
1971.5,0
1971.54167,0
1971.58333,0
1971.625,0
1971.66667,0
1971.70833,0
1971.75,0
1971.79167,0
1971.83333,0
1971.875,0
1971.91667,0
1971.95833,0
1972,0
1972.04167,0
1972.08333,0
1972.125,0
1972.16667,0
1972.20833,0
1972.25,0
1972.29167,0
1972.33333,0
1972.375,0
1972.41667,0
1972.45833,0
1972.5,0
1972.54167,0
1972.58333,0
1972.625,0
1972.66667,0
1972.70833,0
1972.75,0
1972.79167,0
1972.83333,0
1972.875,0
1972.91667,0
1972.95833,0
1973,0
1973.04167,1
1973.08333,1
1973.125,6
1973.16667,12
1973.20833,12
1973.25,12
1973.29167,6
1973.33333,0
1973.375,0
1973.41667,0
1973.45833,0
1973.5,0
1973.54167,0
1973.58333,0
1973.625,0
1973.66667,0
1973.70833,0
1973.75,0
1973.79167,0
1973.83333,0
1973.875,0
1973.91667,0
1973.95833,0
1974,0
1974.04167,0
1974.08333,0
1974.125,0
1974.16667,0
1974.20833,0
1974.25,0
1974.29167,0
1974.33333,0
1974.375,0
1974.41667,0
1974.45833,0
1974.5,0
1974.54167,0
1974.58333,0
1974.625,0
1974.66667,0
1974.70833,0
1974.75,0
1974.79167,0
1974.83333,0
1974.875,0
1974.91667,0
1974.95833,0
1975,0
1975.04167,0
1975.08333,0
1975.125,0
1975.16667,0
1975.20833,0
1975.25,0
1975.29167,0
1975.33333,0
1975.375,0
1975.41667,0
1975.45833,0
1975.5,0
1975.54167,0
1975.58333,0
1975.625,0
1975.66667,0
1975.70833,0
1975.75,0
1975.79167,0
1975.83333,0
1975.875,0
1975.91667,0
1975.95833,0
1976,0
1976.04167,0
1976.08333,0
1976.125,0
1976.16667,0
1976.20833,0
1976.25,0
1976.29167,0
1976.33333,0
1976.375,0
1976.41667,0
1976.45833,0
1976.5,0
1976.54167,0
1976.58333,0
1976.625,0
1976.66667,0
1976.70833,0
1976.75,0
1976.79167,0
1976.83333,0
1976.875,0
1976.91667,0
1976.95833,0
1977,0
1977.04167,0
1977.08333,0
1977.125,0
1977.16667,0
1977.20833,0
1977.25,0
1977.29167,0
1977.33333,0
1977.375,0
1977.41667,0
1977.45833,1
1977.5,1
1977.54167,1
1977.58333,0
1977.625,0
1977.66667,0
1977.70833,0
1977.75,0
1977.79167,0
1977.83333,0
1977.875,0
1977.91667,0
1977.95833,0
1978,0
1978.04167,0
1978.08333,0
1978.125,0
1978.16667,0
1978.20833,0
1978.25,0
1978.29167,0
1978.33333,0
1978.375,0
1978.41667,0
1978.45833,0
1978.5,0
1978.54167,0
1978.58333,0
1978.625,0
1978.66667,0
1978.70833,0
1978.75,0
1978.79167,0
1978.83333,0
1978.875,0
1978.91667,0
1978.95833,0
1979,0
1979.04167,0
1979.08333,0
1979.125,0
1979.16667,0
1979.20833,0
1979.25,0
1979.29167,0
1979.33333,0
1979.375,0
1979.41667,0
1979.45833,0
1979.5,0
1979.54167,0
1979.58333,0
1979.625,0
1979.66667,0
1979.70833,0
1979.75,0
1979.79167,0
1979.83333,0
1979.875,0
1979.91667,0
1979.95833,0
1980,0
1980.04167,0
1980.08333,0
1980.125,0
1980.16667,0
1980.20833,0
1980.25,0
1980.29167,0
1980.33333,0
1980.375,0
1980.41667,0
1980.45833,0
1980.5,0
1980.54167,0
1980.58333,0
1980.625,0
1980.66667,0
1980.70833,0
1980.75,0
1980.79167,0
1980.83333,0
1980.875,0
1980.91667,0
1980.95833,0
1981,0
1981.04167,0
1981.08333,0
1981.125,0
1981.16667,0
1981.20833,0
1981.25,0
1981.29167,0
1981.33333,0
1981.375,0
1981.41667,0
1981.45833,0
1981.5,0
1981.54167,0
1981.58333,0
1981.625,0
1981.66667,0
1981.70833,0
1981.75,0
1981.79167,0
1981.83333,0
1981.875,0
1981.91667,0
1981.95833,0
1982,0
1982.04167,0
1982.08333,0
1982.125,0
1982.16667,0
1982.20833,0
1982.25,0
1982.29167,0
1982.33333,0
1982.375,0
1982.41667,0
1982.45833,0
1982.5,0
1982.54167,0
1982.58333,0
1982.625,0
1982.66667,0
1982.70833,0
1982.75,0
1982.79167,0
1982.83333,0
1982.875,0
1982.91667,0
1982.95833,0
1983,0
1983.04167,0
1983.08333,0
1983.125,0
1983.16667,0
1983.20833,0
1983.25,0
1983.29167,0
1983.33333,0
1983.375,0
1983.41667,0
1983.45833,0
1983.5,0
1983.54167,0
1983.58333,0
1983.625,0
1983.66667,0
1983.70833,0
1983.75,0
1983.79167,0
1983.83333,0
1983.875,0
1983.91667,0
1983.95833,0
1984,0
1984.04167,0
1984.08333,0
1984.125,0
1984.16667,0
1984.20833,0
1984.25,0
1984.29167,0
1984.33333,0
1984.375,0
1984.41667,0
1984.45833,1
1984.5,1
1984.54167,1
1984.58333,0
1984.625,0
1984.66667,0
1984.70833,0
1984.75,0
1984.79167,0
1984.83333,0
1984.875,0
1984.91667,0
1984.95833,0
1985,0
1985.04167,0
1985.08333,0
1985.125,0
1985.16667,0
1985.20833,0
1985.25,0
1985.29167,0
1985.33333,0
1985.375,0
1985.41667,0
1985.45833,0
1985.5,0
1985.54167,0
1985.58333,0
1985.625,0
1985.66667,0
1985.70833,0
1985.75,0
1985.79167,0
1985.83333,0
1985.875,0
1985.91667,0
1985.95833,0
1986,0
1986.04167,0
1986.08333,0
1986.125,0
1986.16667,0
1986.20833,0
1986.25,0
1986.29167,0
1986.33333,0
1986.375,0
1986.41667,0
1986.45833,0
1986.5,0
1986.54167,0
1986.58333,0
1986.625,0
1986.66667,0
1986.70833,0
1986.75,0
1986.79167,0
1986.83333,0
1986.875,0
1986.91667,0
1986.95833,0
1987,0
1987.04167,0
1987.08333,0
1987.125,0
1987.16667,0
1987.20833,0
1987.25,0
1987.29167,0
1987.33333,0
1987.375,0
1987.41667,0
1987.45833,0
1987.5,0
1987.54167,0
1987.58333,0
1987.625,0
1987.66667,0
1987.70833,0
1987.75,0
1987.79167,0
1987.83333,0
1987.875,0
1987.91667,0
1987.95833,0
1988,0
1988.04167,0
1988.08333,0
1988.125,0
1988.16667,0
1988.20833,0
1988.25,0
1988.29167,0
1988.33333,0
1988.375,0
1988.41667,0
1988.45833,0
1988.5,0
1988.54167,0
1988.58333,0
1988.625,0
1988.66667,0
1988.70833,0
1988.75,0
1988.79167,0
1988.83333,0
1988.875,0
1988.91667,0
1988.95833,0
1989,0
1989.04167,0
1989.08333,0
1989.125,0
1989.16667,0
1989.20833,0
1989.25,0
1989.29167,0
1989.33333,0
1989.375,0
1989.41667,0
1989.45833,0
1989.5,0
1989.54167,0
1989.58333,0
1989.625,0
1989.66667,0
1989.70833,0
1989.75,0
1989.79167,0
1989.83333,0
1989.875,0
1989.91667,0
