1901,0.79280846,1000,0
1901.04167,0.742987101,1002.16673,0
1901.08333,0.693165742,1004.33347,0
1901.125,0.713821674,1006.5002,0
1901.16667,0.734477606,1008.66693,0
1901.20833,0.881394775,1010.83366,0
1901.25,1.02831194,1013.0004,0
1901.29167,1.18931934,1015.16713,0
1901.33333,1.35032673,1017.33386,0
1901.375,1.45714818,1019.50059,0
1901.41667,1.56396963,1021.66733,0
1901.45833,1.47861461,1023.83406,0
1901.5,1.39325959,1026.00079,0
1901.54167,1.40244357,1028.16752,0
1901.58333,1.41162755,1030.33426,0
1901.625,1.49994423,1032.50099,0
1901.66667,1.58826091,1034.66772,0
1901.70833,1.49861506,1036.83445,0
1901.75,1.40896921,1039.00119,0
1901.79167,1.29539687,1041.16792,0
1901.83333,1.18182453,1043.33465,0
1901.875,1.14402828,1045.50138,0
1901.91667,1.10623202,1047.66812,0
1901.95833,1.04473054,1049.83485,0
1902,0.983229057,1052.00158,0
1902.04167,1.02197777,1054.26829,0
1902.08333,1.06072648,1056.535,0
1902.125,1.02562714,1058.80171,0
1902.16667,0.990527803,1061.06842,0
1902.20833,1.08027292,1063.33513,0
1902.25,1.17001804,1065.60184,0
1902.29167,1.25701465,1067.86855,0
1902.33333,1.34401127,1070.13526,0
1902.375,1.35328177,1072.40197,0
1902.41667,1.36255228,1074.66868,0
1902.45833,1.39238519,1076.93539,0
1902.5,1.42221811,1079.2021,0
1902.54167,1.38019429,1081.46881,0
1902.58333,1.33817048,1083.73552,0
1902.625,1.4163506,1086.00223,0
1902.66667,1.49453073,1088.26894,0
1902.70833,1.56288892,1090.53565,0
1902.75,1.63124711,1092.80236,0
1902.79167,1.4919703,1095.06906,0
1902.83333,1.35269349,1097.33577,0
1902.875,1.18455197,1099.60248,0
1902.91667,1.01641045,1101.86919,0
1902.95833,1.06014197,1104.1359,0
1903,1.10387349,1106.40261,0
1903.04167,0.986737652,1108.76563,0
1903.08333,0.869601819,1111.12865,0
1903.125,0.994424842,1113.49167,0
1903.16667,1.11924786,1115.85469,0
1903.20833,1.08248363,1118.21771,0
1903.25,1.0457194,1120.58073,0
1903.29167,1.11504574,1122.94374,0
1903.33333,1.18437209,1125.30676,0
1903.375,1.3965681,1127.66978,0
1903.41667,1.60876412,1130.0328,0
1903.45833,1.6117447,1132.39582,0
1903.5,1.61472528,1134.75884,0
1903.54167,1.75754386,1137.12186,0
1903.58333,1.90036243,1139.48488,0
1903.625,1.75990625,1141.8479,0
1903.66667,1.61945007,1144.21091,0
1903.70833,1.5537901,1146.57393,0
1903.75,1.48813014,1148.93695,0
1903.79167,1.43284447,1151.29997,0
1903.83333,1.37755881,1153.66299,0
1903.875,1.23453089,1156.02601,0
1903.91667,1.09150296,1158.38903,0
1903.95833,1.12269348,1160.75205,0
1904,1.15388399,1163.11506,0
1904.04167,1.09355362,1165.57072,0
1904.08333,1.03322324,1168.02638,0
1904.125,1.11952364,1170.48205,0
1904.16667,1.20582403,1172.93771,0
1904.20833,1.26687322,1175.39337,0
1904.25,1.32792241,1177.84903,0
1904.29167,1.40047094,1180.30469,0
1904.33333,1.47301947,1182.76035,0
1904.375,1.50890412,1185.21601,0
1904.41667,1.54478876,1187.67167,0
1904.45833,1.73365468,1190.12733,0
1904.5,1.9225206,1192.58299,0
1904.54167,1.83973629,1195.03865,0
1904.58333,1.75695198,1197.49431,0
1904.625,1.6510947,1199.94997,0
1904.66667,1.54523742,1202.40563,0
1904.70833,1.55155078,1204.86129,0
1904.75,1.55786414,1207.31695,0
1904.79167,1.42829011,1209.77261,0
1904.83333,1.29871608,1212.22827,0
1904.875,1.27433151,1214.68393,0
1904.91667,1.24994695,1217.13959,0
1904.95833,1.23678935,1219.59525,0
1905,1.22363175,1222.05091,0
1905.04167,1.13805665,1224.59554,0
1905.08333,1.05248155,1227.14018,0
1905.125,1.09257451,1229.68481,0
1905.16667,1.13266747,1232.22944,0
1905.20833,1.16150577,1234.77408,0
1905.25,1.19034408,1237.31871,0
1905.29167,1.31954731,1239.86334,0
1905.33333,1.44875054,1242.40798,0
1905.375,1.60202544,1244.95261,0
1905.41667,1.75530033,1247.49724,0
1905.45833,1.72339002,1250.04188,0
1905.5,1.69147971,1252.58651,0
1905.54167,1.87732681,1255.13114,0
1905.58333,2.06317391,1257.67578,0
1905.625,1.8088852,1260.22041,0
1905.66667,1.55459648,1262.76505,0
1905.70833,1.56506983,1265.30968,0
1905.75,1.57554318,1267.85431,0
1905.79167,1.55067697,1270.39895,0
1905.83333,1.52581077,1272.94358,0
1905.875,1.46130177,1275.48821,0
1905.91667,1.39679278,1278.03285,0
1905.95833,1.38725937,1280.57748,0
1906,1.37772596,1283.12211,0
1906.04167,1.29638647,1285.75205,0
1906.08333,1.21504698,1288.38199,0
1906.125,1.17303862,1291.01193,0
1906.16667,1.13103026,1293.64187,0
1906.20833,1.23255655,1296.27181,0
1906.25,1.33408285,1298.90175,0
1906.29167,1.39613691,1301.53169,0
1906.33333,1.45819097,1304.16163,0
1906.375,1.60898893,1306.79157,0
1906.41667,1.75978689,1309.42151,0
1906.45833,1.85101196,1312.05145,0
1906.5,1.94223703,1314.68139,0
1906.54167,1.92486449,1317.31132,0
1906.58333,1.90749196,1319.94126,0
1906.625,1.99943434,1322.5712,0
1906.66667,2.09137672,1325.20114,0
1906.70833,1.92368835,1327.83108,0
1906.75,1.75599998,1330.46102,0
1906.79167,1.66070218,1333.09096,0
1906.83333,1.56540438,1335.7209,0
1906.875,1.46136547,1338.35084,0
1906.91667,1.35732656,1340.98078,0
1906.95833,1.37567895,1343.61072,0
1907,1.39403133,1346.24066,0
1907.04167,1.23581667,1348.95223,0
1907.08333,1.07760202,1351.66381,0
1907.125,1.29796246,1354.37539,0
1907.16667,1.51832291,1357.08696,0
1907.20833,1.50414008,1359.79854,0
1907.25,1.48995724,1362.51012,0
1907.29167,1.54624954,1365.22169,0
1907.33333,1.60254183,1367.93327,0
1907.375,1.70497945,1370.64485,0
1907.41667,1.80741706,1373.35643,0
1907.45833,1.73919815,1376.068,0
1907.5,1.67097924,1378.77958,0
1907.54167,1.78669697,1381.49116,0
1907.58333,1.9024147,1384.20273,0
1907.625,1.98099954,1386.91431,0
1907.66667,2.05958437,1389.62589,0
1907.70833,1.91096254,1392.33746,0
1907.75,1.7623407,1395.04904,0
1907.79167,1.5916455,1397.76062,0
1907.83333,1.42095029,1400.47219,0
1907.875,1.4740192,1403.18377,0
1907.91667,1.5270881,1405.89535,0
1907.95833,1.41027427,1408.60693,0
1908,1.29346043,1411.3185,0
1908.04167,1.21874016,1414.10805,0
1908.08333,1.14401988,1416.8976,0
1908.125,1.23153923,1419.68714,0
1908.16667,1.31905859,1422.47669,0
1908.20833,1.36416917,1425.26624,0
1908.25,1.40927975,1428.05578,0
1908.29167,1.51501602,1430.84533,0
1908.33333,1.6207523,1433.63488,0
1908.375,1.69256156,1436.42442,0
1908.41667,1.76437082,1439.21397,0
1908.45833,1.90170122,1442.00352,0
1908.5,2.03903162,1444.79306,0
1908.54167,2.02489526,1447.58261,0
1908.58333,2.0107589,1450.37216,0
1908.625,1.98341247,1453.16171,0
1908.66667,1.95606604,1455.95125,0
1908.70833,1.82778128,1458.7408,0
1908.75,1.69949653,1461.53035,0
1908.79167,1.77689757,1464.31989,0
1908.83333,1.85429861,1467.10944,0
1908.875,1.71618119,1469.89899,0
1908.91667,1.57806378,1472.68853,0
1908.95833,1.62477595,1475.47808,0
1909,1.67148812,1478.26763,0
1909.04167,1.5275598,1481.13148,0
1909.08333,1.38363148,1483.99532,0
1909.125,1.35449419,1486.85917,0
1909.16667,1.32535689,1489.72302,0
1909.20833,1.38078617,1492.58687,0
1909.25,1.43621545,1495.45072,0
1909.29167,1.44722082,1498.31457,0
1909.33333,1.45822619,1501.17842,0
1909.375,1.7025483,1504.04227,0
1909.41667,1.94687042,1506.90612,0
1909.45833,1.93614986,1509.76996,0
1909.5,1.9254293,1512.63381,0
1909.54167,2.12667047,1515.49766,0
1909.58333,2.32791164,1518.36151,0
1909.625,2.22262955,1521.22536,0
1909.66667,2.11734747,1524.08921,0
1909.70833,1.97061813,1526.95306,0
1909.75,1.82388879,1529.81691,0
1909.79167,1.76731184,1532.68076,0
1909.83333,1.71073489,1535.5446,0
1909.875,1.55344783,1538.40845,0
1909.91667,1.39616077,1541.2723,0
1909.95833,1.41641928,1544.13615,0
1910,1.43667779,1547,0
1910.04167,1.33333636,1549.93619,0
1910.08333,1.22999494,1552.87238,0
1910.125,1.34237571,1555.80857,0
1910.16667,1.45475648,1558.74476,0
1910.20833,1.47084181,1561.68095,0
1910.25,1.48692714,1564.61714,0
1910.29167,1.58647165,1567.55333,0
1910.33333,1.68601616,1570.48952,0
1910.375,1.76756983,1573.42571,0
1910.41667,1.8491235,1576.3619,0
1910.45833,1.9125168,1579.29809,0
1910.5,1.9759101,1582.23428,0
1910.54167,1.93216198,1585.17047,0
1910.58333,1.88841386,1588.10666,0
1910.625,1.97565891,1591.04285,0
1910.66667,2.06290397,1593.97904,0
1910.70833,2.0895245,1596.91524,0
1910.75,2.11614503,1599.85143,0
1910.79167,1.82688987,1602.78762,0
1910.83333,1.53763471,1605.72381,0
1910.875,1.51628333,1608.66,0
1910.91667,1.49493195,1611.59619,0
1910.95833,1.53037838,1614.53238,0
1911,1.56582482,1617.46857,0
1911.04167,1.49698662,1620.48419,0
1911.08333,1.42814842,1623.49981,0
1911.125,1.425708,1626.51543,0
1911.16667,1.42326759,1629.53105,0
1911.20833,1.40162949,1632.54667,0
1911.25,1.37999139,1635.56229,0
1911.29167,1.54087147,1638.57791,0
1911.33333,1.70175156,1641.59353,0
1911.375,1.80096321,1644.60915,0
1911.41667,1.90017486,1647.62477,0
1911.45833,2.05323119,1650.64039,0
1911.5,2.20628753,1653.65601,0
1911.54167,2.25352301,1656.67163,0
1911.58333,2.3007585,1659.68725,0
1911.625,2.19245052,1662.70287,0
1911.66667,2.08414253,1665.7185,0
1911.70833,2.04350917,1668.73412,0
1911.75,2.0028758,1671.74974,0
1911.79167,1.89825391,1674.76536,0
1911.83333,1.79363203,1677.78098,0
1911.875,1.66374399,1680.7966,0
1911.91667,1.53385595,1683.81222,0
1911.95833,1.59546635,1686.82784,0
1912,1.65707674,1689.84346,0
1912.04167,1.57068322,1692.94842,0
1912.08333,1.4842897,1696.05337,0
1912.125,1.56112047,1699.15833,0
1912.16667,1.63795125,1702.26329,0
1912.20833,1.60073278,1705.36824,0
1912.25,1.56351431,1708.4732,0
1912.29167,1.64093177,1711.57816,0
1912.33333,1.71834923,1714.68311,0
1912.375,1.98165151,1717.78807,0
1912.41667,2.24495378,1720.89303,0
1912.45833,2.24347868,1723.99798,0
1912.5,2.24200358,1727.10294,0
1912.54167,2.24553954,1730.2079,0
1912.58333,2.2490755,1733.31285,0
1912.625,2.15143892,1736.41781,0
1912.66667,2.05380235,1739.52277,0
1912.70833,2.03164877,1742.62773,0
1912.75,2.00949519,1745.73268,0
1912.79167,1.9820927,1748.83764,0
1912.83333,1.95469021,1751.9426,0
1912.875,1.78923018,1755.04755,0
1912.91667,1.62377014,1758.15251,0
1912.95833,1.75946464,1761.25747,0
1913,1.89515914,1764.36242,0
1913.04167,1.69221784,1767.56662,0
1913.08333,1.48927655,1770.77082,0
1913.125,1.54270553,1773.97502,0
1913.16667,1.59613452,1777.17922,0
1913.20833,1.69629105,1780.38342,0
1913.25,1.79644757,1783.58762,0
1913.29167,1.85053241,1786.79182,0
1913.33333,1.90461724,1789.99602,0
1913.375,1.99010362,1793.20022,0
1913.41667,2.07558999,1796.40442,0
1913.45833,2.05745748,1799.60862,0
1913.5,2.03932497,1802.81281,0
1913.54167,2.09410581,1806.01701,0
1913.58333,2.14888664,1809.22121,0
1913.625,2.18301866,1812.42541,0
1913.66667,2.21715067,1815.62961,0
1913.70833,2.17280559,1818.83381,0
1913.75,2.12846052,1822.03801,0
1913.79167,2.01554784,1825.24221,0
1913.83333,1.90263516,1828.44641,0
1913.875,1.87344209,1831.65061,0
1913.91667,1.84424901,1834.85481,0
1913.95833,1.84659133,1838.05901,0
1914,1.84893364,1841.26321,0
1914.04167,1.85670077,1844.57655,0
1914.08333,1.8644679,1847.8899,0
1914.125,1.84570877,1851.20325,0
1914.16667,1.82694963,1854.5166,0
1914.20833,1.92522793,1857.82995,0
1914.25,2.02350622,1861.14329,0
1914.29167,1.99415352,1864.45664,0
1914.33333,1.96480082,1867.76999,0
1914.375,1.97275146,1871.08334,0
1914.41667,1.9807021,1874.39669,0
1914.45833,2.19800822,1877.71003,0
1914.5,2.41531434,1881.02338,0
1914.54167,2.63374976,1884.33673,0
1914.58333,2.85218519,1887.65008,0
1914.625,2.52139894,1890.96343,0
1914.66667,2.19061269,1894.27677,0
1914.70833,2.1934783,1897.59012,0
1914.75,2.1963439,1900.90347,0
1914.79167,2.10158056,1904.21682,0
1914.83333,2.00681722,1907.53017,0
1914.875,1.95504926,1910.84351,0
1914.91667,1.90328131,1914.15686,0
1914.95833,1.94936816,1917.47021,0
1915,1.99545501,1920.78356,0
1915.04167,1.87233846,1924.21596,0
1915.08333,1.7492219,1927.64836,0
1915.125,1.81726968,1931.08077,0
1915.16667,1.88531746,1934.51317,0
1915.20833,1.88227459,1937.94557,0
1915.25,1.87923171,1941.37797,0
1915.29167,1.7769968,1944.81038,0
1915.33333,1.67476188,1948.24278,0
1915.375,1.98071247,1951.67518,0
1915.41667,2.28666305,1955.10759,0
1915.45833,2.42805386,1958.53999,0
1915.5,2.56944467,1961.97239,0
1915.54167,2.61161493,1965.40479,0
1915.58333,2.65378518,1968.8372,0
1915.625,2.93549763,1972.2696,0
1915.66667,3.21721008,1975.702,0
1915.70833,3.22132994,1979.1344,0
1915.75,3.2254498,1982.56681,0
1915.79167,2.65332395,1985.99921,0
1915.83333,2.0811981,1989.43161,0
1915.875,1.97167215,1992.86402,0
1915.91667,1.86214621,1996.29642,0
1915.95833,1.85326637,1999.72882,0
1916,1.84438653,2003.16122,0
1916.04167,1.81879266,2006.72259,0
1916.08333,1.79319879,2010.28395,0
1916.125,1.77310117,2013.84532,0
1916.16667,1.75300355,2017.40668,0
1916.20833,1.73277904,2020.96804,0
1916.25,1.71255453,2024.52941,0
1916.29167,1.76044199,2028.09077,1
1916.33333,1.80832946,2031.65213,1
1916.375,2.20431896,2035.2135,6
1916.41667,2.60030847,2038.77486,10
1916.45833,2.72400871,2042.33623,18
1916.5,2.84770896,2045.89759,27
1916.54167,2.79431664,2049.45895,24
1916.58333,2.74092433,2053.02032,21
1916.625,2.77921499,2056.58168,11
1916.66667,2.81750566,2060.14304,0
1916.70833,2.67724462,2063.70441,0
1916.75,2.53698358,2067.26577,0
1916.79167,2.46531032,2070.82714,0
1916.83333,2.39363705,2074.3885,0
1916.875,2.36213457,2077.94986,0
1916.91667,2.33063208,2081.51123,0
1916.95833,2.22336439,2085.07259,0
1917,2.1160967,2088.63395,0
1917.04167,2.06003235,2092.33419,0
1917.08333,2.003968,2096.03442,0
1917.125,2.05857589,2099.73465,0
1917.16667,2.11318379,2103.43488,0
1917.20833,2.02761888,2107.13511,0
1917.25,1.94205398,2110.83534,0
1917.29167,1.97335991,2114.53557,0
1917.33333,2.00466585,2118.2358,0
1917.375,2.24166927,2121.93603,0
1917.41667,2.47867269,2125.63626,0
1917.45833,2.64601096,2129.33649,0
1917.5,2.81334923,2133.03672,0
1917.54167,2.88699826,2136.73696,0
1917.58333,2.96064728,2140.43719,0
1917.625,2.86911245,2144.13742,0
1917.66667,2.77757763,2147.83765,0
1917.70833,2.73895364,2151.53788,0
1917.75,2.70032964,2155.23811,0
1917.79167,2.52505948,2158.93834,0
1917.83333,2.34978933,2162.63857,0
1917.875,2.3224432,2166.3388,0
1917.91667,2.29509707,2170.03903,0
1917.95833,2.2259254,2173.73926,0
1918,2.15675372,2177.43949,0
1918.04167,2.11819515,2181.2885,0
1918.08333,2.07963657,2185.1375,0
1918.125,2.04082481,2188.98651,0
1918.16667,2.00201306,2192.83551,0
1918.20833,2.1132515,2196.68452,0
1918.25,2.22448995,2200.53352,0
1918.29167,2.08914044,2204.38252,0
1918.33333,1.95379093,2208.23153,0
1918.375,2.27123228,2212.08053,0
1918.41667,2.58867362,2215.92954,0
1918.45833,2.76240241,2219.77854,0
1918.5,2.9361312,2223.62754,0
1918.54167,3.06219693,2227.47655,0
1918.58333,3.18826265,2231.32555,0
1918.625,3.08315466,2235.17456,0
1918.66667,2.97804666,2239.02356,0
1918.70833,2.74987488,2242.87257,0
1918.75,2.52170309,2246.72157,0
1918.79167,2.62364794,2250.57057,0
1918.83333,2.72559279,2254.41958,0
1918.875,2.48333516,2258.26858,0
1918.91667,2.24107754,2262.11759,0
1918.95833,2.20731947,2265.96659,0
1919,2.1735614,2269.81559,0
1919.04167,2.05260193,2273.82328,0
1919.08333,1.93164246,2277.83096,0
1919.125,2.10178149,2281.83864,0
1919.16667,2.27192052,2285.84633,0
1919.20833,2.19399003,2289.85401,0
1919.25,2.11605953,2293.8617,0
1919.29167,2.21866529,2297.86938,0
1919.33333,2.32127104,2301.87706,0
1919.375,2.38685999,2305.88475,0
1919.41667,2.45244894,2309.89243,0
1919.45833,2.53718087,2313.90011,0
1919.5,2.62191281,2317.9078,0
1919.54167,2.56242563,2321.91548,0
1919.58333,2.50293845,2325.92316,0
1919.625,2.39899041,2329.93085,0
1919.66667,2.29504237,2333.93853,0
1919.70833,2.62039174,2337.94621,0
1919.75,2.9457411,2341.9539,0
1919.79167,2.97488275,2345.96158,0
1919.83333,3.0040244,2349.96927,0
1919.875,2.86809546,2353.97695,0
1919.91667,2.73216651,2357.98463,0
1919.95833,2.69107383,2361.99232,0
1920,2.64998115,2366,0
1920.04167,2.51917603,2370.67621,0
1920.08333,2.38837091,2375.35242,0
1920.125,2.65381635,2380.02862,0
1920.16667,2.9192618,2384.70483,0
1920.20833,2.71109437,2389.38104,0
1920.25,2.50292694,2394.05725,0
1920.29167,2.71189812,2398.73346,0
1920.33333,2.92086931,2403.40966,0
1920.375,2.99541668,2408.08587,0
1920.41667,3.06996405,2412.76208,0
1920.45833,3.15779134,2417.43829,0
1920.5,3.24561863,2422.1145,0
1920.54167,3.16534615,2426.7907,0
1920.58333,3.08507368,2431.46691,0
1920.625,3.08885108,2436.14312,0
1920.66667,3.09262849,2440.81933,0
1920.70833,3.01825002,2445.49554,0
1920.75,2.94387154,2450.17174,0
1920.79167,2.78423695,2454.84795,0
1920.83333,2.62460236,2459.52416,0
1920.875,2.55580046,2464.20037,0
1920.91667,2.48699856,2468.87658,0
1920.95833,2.33255963,2473.55278,0
1921,2.1781207,2478.22899,0
1921.04167,2.14939353,2483.86163,0
1921.08333,2.12066636,2489.49427,0
1921.125,2.54125009,2495.12692,0
1921.16667,2.96183383,2500.75956,0
1921.20833,2.75513491,2506.3922,0
1921.25,2.548436,2512.02484,0
1921.29167,2.83309509,2517.65748,0
1921.33333,3.11775419,2523.29012,0
1921.375,3.39116545,2528.92276,0
1921.41667,3.66457671,2534.5554,0
1921.45833,3.53055076,2540.18804,0
1921.5,3.39652482,2545.82068,0
1921.54167,3.2614356,2551.45332,0
1921.58333,3.12634639,2557.08596,0
1921.625,3.13221966,2562.7186,0
1921.66667,3.13809294,2568.35124,0
1921.70833,3.06250485,2573.98389,0
1921.75,2.98691677,2579.61653,0
1921.79167,2.82214218,2585.24917,0
1921.83333,2.65736759,2590.88181,0
1921.875,2.81960299,2596.51445,0
1921.91667,2.9818384,2602.14709,0
1921.95833,2.82947618,2607.77973,0
1922,2.67711395,2613.41237,0
1922.04167,2.59937985,2619.67844,0
1922.08333,2.52164575,2625.94452,0
1922.125,2.61618055,2632.21059,0
1922.16667,2.71071536,2638.47667,0
1922.20833,2.56299388,2644.74274,0
1922.25,2.4152724,2651.00882,0
1922.29167,2.34305926,2657.27489,0
1922.33333,2.27084612,2663.54097,0
1922.375,2.652499,2669.80704,0
1922.41667,3.03415188,2676.07311,0
1922.45833,3.29224565,2682.33919,0
1922.5,3.55033943,2688.60526,0
1922.54167,3.47929229,2694.87134,0
1922.58333,3.40824514,2701.13741,0
1922.625,3.44971517,2707.40349,0
1922.66667,3.4911852,2713.66956,0
1922.70833,3.40524328,2719.93563,0
1922.75,3.31930135,2726.20171,0
1922.79167,3.18999315,2732.46778,0
1922.83333,3.06068495,2738.73386,0
1922.875,3.15185334,2744.99993,0
1922.91667,3.24302174,2751.26601,0
1922.95833,2.83299876,2757.53208,0
1923,2.42297579,2763.79816,0
1923.04167,2.51363161,2770.37466,0
1923.08333,2.60428743,2776.95117,0
1923.125,2.66667854,2783.52768,0
1923.16667,2.72906964,2790.10419,0
1923.20833,2.87881459,2796.6807,0
1923.25,3.02855953,2803.25721,0
1923.29167,3.08480594,2809.83372,0
1923.33333,3.14105234,2816.41023,0
1923.375,3.24873296,2822.98674,0
1923.41667,3.35641358,2829.56325,0
1923.45833,3.64786461,2836.13975,0
1923.5,3.93931564,2842.71626,0
1923.54167,3.77720304,2849.29277,0
1923.58333,3.61509044,2855.86928,0
1923.625,3.53290715,2862.44579,0
1923.66667,3.45072386,2869.0223,0
1923.70833,3.53810182,2875.59881,0
1923.75,3.62547979,2882.17532,0
1923.79167,3.32734506,2888.75183,0
1923.83333,3.02921033,2895.32834,0
1923.875,3.15363418,2901.90484,0
1923.91667,3.27805803,2908.48135,0
1923.95833,3.23135922,2915.05786,0
1924,3.18466041,2921.63437,0
1924.04167,2.83801515,2928.19832,0
1924.08333,2.49136989,2934.76226,0
1924.125,2.78231978,2941.3262,0
1924.16667,3.07326967,2947.89015,0
1924.20833,3.12442829,2954.45409,0
1924.25,3.17558691,2961.01804,0
1924.29167,3.37887268,2967.58198,0
1924.33333,3.58215844,2974.14593,0
1924.375,3.57362482,2980.70987,0
1924.41667,3.56509121,2987.27382,0
1924.45833,3.64055125,2993.83776,0
1924.5,3.71601129,3000.40171,0
1924.54167,3.80733152,3006.96565,0
1924.58333,3.89865174,3013.52959,0
1924.625,3.89045889,3020.09354,0
1924.66667,3.88226604,3026.65748,0
1924.70833,3.41781253,3033.22143,2
1924.75,2.95335902,3039.78537,4
1924.79167,2.78806946,3046.34932,75
1924.83333,2.6227799,3052.91326,145
1924.875,2.50296946,3059.47721,185
1924.91667,2.38315902,3066.04115,224
1924.95833,2.55165032,3072.6051,119
1925,2.72014161,3079.16904,13
1925.04167,2.73154115,3085.39742,7
1925.08333,2.74294068,3091.6258,2
1925.125,2.85652799,3097.85418,1
1925.16667,2.97011529,3104.08256,0
1925.20833,2.75340314,3110.31095,0
1925.25,2.53669099,3116.53933,0
1925.29167,2.88751685,3122.76771,0
1925.33333,3.2383427,3128.99609,0
1925.375,3.59097031,3135.22447,0
1925.41667,3.94359791,3141.45285,0
1925.45833,4.10748298,3147.68123,0
1925.5,4.27136804,3153.90961,0
1925.54167,4.09379981,3160.13799,0
1925.58333,3.91623158,3166.36638,0
1925.625,3.93722889,3172.59476,0
1925.66667,3.9582262,3178.82314,0
1925.70833,3.73128157,3185.05152,0
1925.75,3.50433693,3191.2799,0
1925.79167,3.46069338,3197.50828,0
1925.83333,3.41704983,3203.73666,0
1925.875,3.36511887,3209.96504,0
1925.91667,3.31318791,3216.19342,0
1925.95833,3.25290811,3222.42181,0
1926,3.19262831,3228.65019,0
1926.04167,2.84046715,3234.22001,0
1926.08333,2.48830599,3239.78982,0
1926.125,3.01709781,3245.35964,0
1926.16667,3.54588963,3250.92946,0
1926.20833,3.26561929,3256.49928,0
1926.25,2.98534895,3262.0691,0
1926.29167,3.10223313,3267.63892,0
1926.33333,3.21911731,3273.20874,0
1926.375,3.49938588,3278.77855,0
1926.41667,3.77965444,3284.34837,0
1926.45833,3.99575992,3289.91819,0
1926.5,4.2118654,3295.48801,0
1926.54167,4.31433093,3301.05783,0
1926.58333,4.41679646,3306.62765,0
1926.625,4.38033175,3312.19747,0
1926.66667,4.34386704,3317.76728,0
1926.70833,4.08549225,3323.3371,0
1926.75,3.82711746,3328.90692,0
1926.79167,3.89684926,3334.47674,0
1926.83333,3.96658105,3340.04656,0
1926.875,3.83042681,3345.61638,0
1926.91667,3.69427257,3351.1862,0
1926.95833,3.42534388,3356.75601,0
1927,3.15641519,3362.32583,0
1927.04167,3.19172089,3366.91409,0
1927.08333,3.22702659,3371.50235,0
1927.125,3.35357064,3376.0906,0
1927.16667,3.48011468,3380.67886,0
1927.20833,3.34978156,3385.26712,0
1927.25,3.21944844,3389.85538,0
1927.29167,3.35463684,3394.44363,0
1927.33333,3.48982523,3399.03189,0
1927.375,3.70026957,3403.62015,0
1927.41667,3.9107139,3408.2084,0
1927.45833,4.1384007,3412.79666,0
1927.5,4.3660875,3417.38492,0
1927.54167,4.36911627,3421.97317,0
1927.58333,4.37214504,3426.56143,0
1927.625,4.22477753,3431.14969,0
1927.66667,4.07741003,3435.73795,0
1927.70833,3.94636017,3440.3262,0
1927.75,3.81531032,3444.91446,0
1927.79167,3.63361973,3449.50272,0
1927.83333,3.45192914,3454.09097,0
1927.875,3.4459205,3458.67923,0
1927.91667,3.43991187,3463.26749,0
1927.95833,3.23224198,3467.85574,0
1928,3.02457209,3472.444,0
1928.04167,2.97516219,3475.7277,0
1928.08333,2.9257523,3479.01139,0
1928.125,3.22962279,3482.29509,0
1928.16667,3.53349329,3485.57879,0
1928.20833,3.49260563,3488.86248,0
1928.25,3.45171797,3492.14618,0
1928.29167,3.41919743,3495.42988,0
1928.33333,3.38667689,3498.71357,0
1928.375,3.66603203,3501.99727,0
1928.41667,3.94538716,3505.28097,0
1928.45833,3.88767909,3508.56466,0
1928.5,3.82997102,3511.84836,0
1928.54167,4.07608748,3515.13206,0
1928.58333,4.32220394,3518.41575,0
1928.625,4.20540898,3521.69945,0
1928.66667,4.08861403,3524.98314,0
1928.70833,3.9801115,3528.26684,1
1928.75,3.87160897,3531.55054,3
1928.79167,3.64453052,3534.83423,2
1928.83333,3.41745207,3538.11793,1
1928.875,3.24931687,3541.40163,3
1928.91667,3.08118168,3544.68532,4
1928.95833,3.27704947,3547.96902,14
1929,3.47291726,3551.25272,25
1929.04167,3.15908966,3552.90885,29
1929.08333,2.84526206,3554.56499,33
1929.125,3.3697084,3556.22113,46
1929.16667,3.89415474,3557.87726,59
1929.20833,4.05438073,3559.5334,49
1929.25,4.21460673,3561.18954,38
1929.29167,3.96016987,3562.84567,32
1929.33333,3.70573301,3564.50181,26
1929.375,3.73902049,3566.15795,14
1929.41667,3.77230796,3567.81408,1
1929.45833,3.67028591,3569.47022,1
1929.5,3.56826385,3571.12636,1
1929.54167,3.91431652,3572.7825,0
1929.58333,4.26036919,3574.43863,0
1929.625,4.33579783,3576.09477,0
1929.66667,4.41122647,3577.75091,0
1929.70833,4.17402924,3579.40704,0
1929.75,3.93683201,3581.06318,0
1929.79167,3.75889366,3582.71932,0
1929.83333,3.5809553,3584.37545,0
1929.875,3.31868984,3586.03159,0
1929.91667,3.05642437,3587.68773,0
1929.95833,3.27543153,3589.34386,0
1930,3.4944387,3591,0
1930.04167,3.5088643,3591.63921,0
1930.08333,3.52328991,3592.27841,0
1930.125,3.79860088,3592.91762,0
1930.16667,4.07391186,3593.55683,0
1930.20833,3.94498701,3594.19604,0
1930.25,3.81606217,3594.83524,0
1930.29167,3.87215064,3595.47445,0
1930.33333,3.92823912,3596.11366,0
1930.375,3.83328847,3596.75287,0
1930.41667,3.73833782,3597.39207,0
1930.45833,3.86964035,3598.03128,0
1930.5,4.00094288,3598.67049,0
1930.54167,4.17366153,3599.3097,0
1930.58333,4.34638018,3599.9489,0
1930.625,4.52695201,3600.58811,0
1930.66667,4.70752383,3601.22732,0
1930.70833,4.32080386,3601.86652,0
1930.75,3.93408389,3602.50573,0
1930.79167,3.97292677,3603.14494,0
1930.83333,4.01176964,3603.78415,0
1930.875,3.73466092,3604.42335,0
1930.91667,3.4575522,3605.06256,0
1930.95833,3.46340789,3605.70177,0
1931,3.46926357,3606.34098,0
1931.04167,3.26905661,3606.81659,0
1931.08333,3.06884965,3607.29221,0
1931.125,3.4656926,3607.76783,0
1931.16667,3.86253555,3608.24345,0
1931.20833,4.05177147,3608.71906,0
1931.25,4.24100738,3609.19468,0
1931.29167,4.44654644,3609.6703,0
1931.33333,4.65208549,3610.14592,0
1931.375,4.39410445,3610.62153,0
1931.41667,4.13612342,3611.09715,0
1931.45833,4.34142111,3611.57277,0
1931.5,4.54671881,3612.04838,0
1931.54167,4.37172354,3612.524,0
1931.58333,4.19672827,3612.99962,0
1931.625,4.03847497,3613.47524,0
1931.66667,3.88022166,3613.95085,0
1931.70833,3.85418169,3614.42647,0
1931.75,3.82814171,3614.90209,0
1931.79167,3.57952451,3615.37771,0
1931.83333,3.3309073,3615.85332,0
1931.875,3.24740592,3616.32894,0
1931.91667,3.16390453,3616.80456,0
1931.95833,3.38516527,3617.28018,0
1932,3.60642602,3617.75579,0
1932.04167,3.60446784,3618.10889,0
1932.08333,3.60250966,3618.46198,0
1932.125,3.74843888,3618.81507,0
1932.16667,3.8943681,3619.16816,0
1932.20833,3.64603823,3619.52126,0
1932.25,3.39770835,3619.87435,0
1932.29167,3.57621531,3620.22744,0
1932.33333,3.75472227,3620.58053,0
1932.375,3.7772421,3620.93363,0
1932.41667,3.79976194,3621.28672,0
1932.45833,3.86312912,3621.63981,0
1932.5,3.92649631,3621.9929,0
1932.54167,3.91617911,3622.346,0
1932.58333,3.9058619,3622.69909,0
1932.625,3.79761476,3623.05218,0
1932.66667,3.68936762,3623.40527,0
1932.70833,3.70365361,3623.75837,0
1932.75,3.71793959,3624.11146,0
1932.79167,3.62631216,3624.46455,0
1932.83333,3.53468473,3624.81764,0
1932.875,3.41884752,3625.17074,0
1932.91667,3.30301032,3625.52383,0
1932.95833,3.14679072,3625.87692,0
1933,2.99057112,3626.23001,0
1933.04167,3.09432109,3626.50165,0
1933.08333,3.19807107,3626.77328,0
1933.125,3.21239049,3627.04491,0
1933.16667,3.22670991,3627.31654,0
1933.20833,3.06284165,3627.58818,0
1933.25,2.89897339,3627.85981,0
1933.29167,3.19650997,3628.13144,0
1933.33333,3.49404655,3628.40307,0
1933.375,3.45965476,3628.67471,0
1933.41667,3.42526298,3628.94634,0
1933.45833,3.60880656,3629.21797,0
1933.5,3.79235015,3629.48961,0
1933.54167,3.65308281,3629.76124,0
1933.58333,3.51381547,3630.03287,0
1933.625,3.60831332,3630.3045,0
1933.66667,3.70281117,3630.57614,0
1933.70833,3.84531794,3630.84777,0
1933.75,3.98782472,3631.1194,0
1933.79167,3.68831597,3631.39103,0
1933.83333,3.38880723,3631.66267,0
1933.875,3.31459078,3631.9343,0
1933.91667,3.24037434,3632.20593,0
1933.95833,3.2945088,3632.47757,0
1934,3.34864325,3632.7492,0
1934.04167,3.08304398,3632.98044,0
1934.08333,2.81744471,3633.21167,0
1934.125,3.13609603,3633.44291,0
1934.16667,3.45474735,3633.67415,0
1934.20833,3.32539295,3633.90539,0
1934.25,3.19603855,3634.13663,0
1934.29167,3.33833342,3634.36786,0
1934.33333,3.48062829,3634.5991,0
1934.375,3.59874275,3634.83034,0
1934.41667,3.71685722,3635.06158,0
1934.45833,3.74710163,3635.29282,0
1934.5,3.77734605,3635.52405,0
1934.54167,3.83142067,3635.75529,0
1934.58333,3.8854953,3635.98653,0
1934.625,3.70877464,3636.21777,0
1934.66667,3.53205399,3636.449,0
1934.70833,3.71330478,3636.68024,0
1934.75,3.89455557,3636.91148,0
1934.79167,3.54343258,3637.14272,0
1934.83333,3.19230959,3637.37396,0
1934.875,3.15123147,3637.60519,0
1934.91667,3.11015335,3637.83643,0
1934.95833,3.27524885,3638.06767,0
1935,3.44034435,3638.29891,0
1935.04167,3.18567489,3638.53082,0
1935.08333,2.93100542,3638.76272,0
1935.125,3.37330977,3638.99463,0
1935.16667,3.81561411,3639.22654,0
1935.20833,3.60071556,3639.45845,0
1935.25,3.38581701,3639.69036,0
1935.29167,3.34512937,3639.92227,0
1935.33333,3.30444173,3640.15417,0
1935.375,3.41390716,3640.38608,0
1935.41667,3.52337259,3640.61799,0
1935.45833,3.48269037,3640.8499,0
1935.5,3.44200815,3641.08181,0
1935.54167,3.28304383,3641.31372,0
1935.58333,3.12407951,3641.54562,0
1935.625,3.41470109,3641.77753,0
1935.66667,3.70532267,3642.00944,0
1935.70833,3.44406598,3642.24135,0
1935.75,3.18280929,3642.47326,0
1935.79167,3.205332,3642.70516,0
1935.83333,3.22785472,3642.93707,0
1935.875,3.21887532,3643.16898,0
1935.91667,3.20989592,3643.40089,0
1935.95833,3.1930654,3643.6328,0
1936,3.17623488,3643.86471,0
1936.04167,3.02603566,3644.13835,0
1936.08333,2.87583645,3644.41199,0
1936.125,3.00851538,3644.68564,0
1936.16667,3.14119431,3644.95928,0
1936.20833,3.24232656,3645.23292,3
1936.25,3.34345882,3645.50657,6
1936.29167,3.45231832,3645.78021,62
1936.33333,3.56117782,3646.05385,118
1936.375,3.67775109,3646.3275,219
1936.41667,3.79432436,3646.60114,319
1936.45833,3.66004218,3646.87479,191
1936.5,3.52576001,3647.14843,62
1936.54167,3.57956329,3647.42207,33
1936.58333,3.63336656,3647.69572,5
1936.625,3.57754239,3647.96936,3
1936.66667,3.52171822,3648.243,0
1936.70833,3.41902763,3648.51665,0
1936.75,3.31633704,3648.79029,0
1936.79167,3.19031203,3649.06393,0
1936.83333,3.06428703,3649.33758,0
1936.875,3.09465709,3649.61122,0
1936.91667,3.12502715,3649.88487,0
1936.95833,3.13974512,3650.15851,0
1937,3.1544631,3650.43215,0
1937.04167,2.95092951,3650.7886,0
1937.08333,2.74739593,3651.14504,0
1937.125,2.94972765,3651.50148,0
1937.16667,3.15205937,3651.85793,0
1937.20833,3.05006945,3652.21437,0
1937.25,2.94807954,3652.57082,0
1937.29167,2.98649817,3652.92726,0
1937.33333,3.02491679,3653.2837,0
1937.375,3.21916972,3653.64015,0
1937.41667,3.41342264,3653.99659,0
1937.45833,3.41277113,3654.35304,0
1937.5,3.41211962,3654.70948,0
1937.54167,3.5127024,3655.06592,0
1937.58333,3.61328517,3655.42237,0
1937.625,3.37128239,3655.77881,0
1937.66667,3.1292796,3656.13526,0
1937.70833,3.40880854,3656.4917,0
1937.75,3.68833747,3656.84815,0
1937.79167,3.15870613,3657.20459,0
1937.83333,2.62907478,3657.56103,0
1937.875,2.53526779,3657.91748,0
1937.91667,2.44146079,3658.27392,0
1937.95833,2.37881471,3658.63037,0
1938,2.31616862,3658.98681,0
1938.04167,2.67282133,3659.46712,0
1938.08333,3.02947404,3659.94743,0
1938.125,3.14504816,3660.42774,0
1938.16667,3.26062229,3660.90805,0
1938.20833,3.01915257,3661.38836,0
1938.25,2.77768285,3661.86867,0
1938.29167,2.81565008,3662.34898,0
1938.33333,2.85361731,3662.82929,0
1938.375,3.17053596,3663.3096,0
1938.41667,3.4874546,3663.7899,0
1938.45833,3.3547712,3664.27021,0
1938.5,3.22208779,3664.75052,0
1938.54167,3.17470723,3665.23083,0
1938.58333,3.12732666,3665.71114,0
1938.625,3.30435599,3666.19145,0
1938.66667,3.48138532,3666.67176,0
1938.70833,3.3953227,3667.15207,0
1938.75,3.30926007,3667.63238,0
1938.79167,3.13056731,3668.11269,0
1938.83333,2.95187455,3668.593,0
1938.875,2.95873879,3669.07331,0
1938.91667,2.96560302,3669.55362,0
1938.95833,2.84124497,3670.03393,0
1939,2.71688693,3670.51424,0
1939.04167,2.5463613,3671.15948,0
1939.08333,2.37583567,3671.80472,0
1939.125,2.76827833,3672.44996,0
1939.16667,3.16072098,3673.0952,0
1939.20833,2.92092591,3673.74044,0
1939.25,2.68113084,3674.38568,0
1939.29167,2.77271378,3675.03092,0
1939.33333,2.86429672,3675.67616,0
1939.375,3.32512962,3676.3214,0
1939.41667,3.78596252,3676.96664,0
1939.45833,3.62331433,3677.61188,0
1939.5,3.46066613,3678.25712,0
1939.54167,3.49804236,3678.90236,0
1939.58333,3.53541859,3679.5476,0
1939.625,3.31159351,3680.19284,0
1939.66667,3.08776842,3680.83808,0
1939.70833,3.07147575,3681.48332,0
1939.75,3.05518307,3682.12856,0
1939.79167,2.90849084,3682.7738,0
1939.83333,2.7617986,3683.41904,0
1939.875,2.81462572,3684.06428,0
1939.91667,2.86745283,3684.70952,0
1939.95833,3.04281143,3685.35476,0
1940,3.21817003,3686,0
1940.04167,3.08785417,3687.60803,0
1940.08333,2.95753832,3689.21605,0
1940.125,2.97280518,3690.82408,0
1940.16667,2.98807204,3692.43211,0
1940.20833,3.01866058,3694.04013,0
1940.25,3.04924912,3695.64816,0
1940.29167,3.04152964,3697.25619,0
1940.33333,3.03381015,3698.86422,0
1940.375,3.12568222,3700.47224,0
1940.41667,3.21755429,3702.08027,0
1940.45833,3.32474042,3703.6883,0
1940.5,3.43192655,3705.29632,0
1940.54167,3.39355959,3706.90435,0
1940.58333,3.35519262,3708.51238,0
1940.625,3.34746845,3710.1204,0
1940.66667,3.33974427,3711.72843,0
1940.70833,3.23244496,3713.33646,0
1940.75,3.12514565,3714.94449,0
1940.79167,3.24763588,3716.55251,0
1940.83333,3.3701261,3718.16054,0
1940.875,3.14028907,3719.76857,0
1940.91667,2.91045203,3721.37659,0
1940.95833,3.00996061,3722.98462,0
1941,3.10946918,3724.59265,0
1941.04167,3.11892301,3727.77526,0
1941.08333,3.12837685,3730.95788,0
1941.125,3.18390662,3734.1405,0
1941.16667,3.23943638,3737.32311,0
1941.20833,3.10295962,3740.50573,0
1941.25,2.96648286,3743.68835,0
1941.29167,3.07589694,3746.87096,0
1941.33333,3.18531102,3750.05358,0
1941.375,3.45673002,3753.2362,0
1941.41667,3.72814901,3756.41881,0
1941.45833,3.54520034,3759.60143,0
1941.5,3.36225168,3762.78405,0
1941.54167,3.34872914,3765.96666,0
1941.58333,3.3352066,3769.14928,0
1941.625,3.661733,3772.3319,0
1941.66667,3.98825939,3775.51452,0
1941.70833,3.90541177,3778.69713,0
1941.75,3.82256414,3781.87975,0
1941.79167,3.48387909,3785.06237,0
1941.83333,3.14519403,3788.24498,0
1941.875,3.37189216,3791.4276,0
1941.91667,3.5985903,3794.61022,0
1941.95833,3.81027003,3797.79283,0
1942,4.02194975,3800.97545,0
1942.04167,3.72907273,3805.49464,0
1942.08333,3.43619571,3810.01383,0
1942.125,3.64074958,3814.53302,0
1942.16667,3.84530346,3819.05221,0
1942.20833,3.88669733,3823.57141,0
1942.25,3.92809121,3828.0906,0
1942.29167,3.80570664,3832.60979,0
1942.33333,3.68332206,3837.12898,0
1942.375,3.75595998,3841.64817,0
1942.41667,3.8285979,3846.16736,0
1942.45833,3.88576596,3850.68656,0
1942.5,3.94293401,3855.20575,0
1942.54167,3.96890711,3859.72494,0
1942.58333,3.9948802,3864.24413,0
1942.625,3.99738345,3868.76332,0
1942.66667,3.9998867,3873.28251,0
1942.70833,4.20656098,3877.8017,0
1942.75,4.41323525,3882.3209,0
1942.79167,4.31378061,3886.84009,0
1942.83333,4.21432596,3891.35928,0
1942.875,3.94929642,3895.87847,0
1942.91667,3.68426687,3900.39766,0
1942.95833,3.75750361,3904.91685,0
1943,3.83074034,3909.43604,0
1943.04167,3.76261358,3915.05379,0
1943.08333,3.69448681,3920.67155,0
1943.125,3.85542416,3926.2893,1
1943.16667,4.0163615,3931.90705,1
1943.20833,3.9323141,3937.5248,27
1943.25,3.8482667,3943.14255,54
1943.29167,4.28735234,3948.7603,104
1943.33333,4.72643798,3954.37805,154
1943.375,4.61882818,3959.9958,127
1943.41667,4.51121839,3965.61355,99
1943.45833,4.69758136,3971.23131,64
1943.5,4.88394432,3976.84906,29
1943.54167,4.67254387,3982.46681,20
1943.58333,4.46114342,3988.08456,12
1943.625,4.48046595,3993.70231,7
1943.66667,4.49978848,3999.32006,1
1943.70833,4.39131318,4004.93781,1
1943.75,4.28283789,4010.55556,0
1943.79167,4.09400211,4016.17331,0
1943.83333,3.90516633,4021.79107,0
1943.875,3.84398412,4027.40882,0
1943.91667,3.78280192,4033.02657,0
1943.95833,3.74550667,4038.64432,0
1944,3.70821143,4044.26207,0
1944.04167,3.62339674,4050.74037,0
1944.08333,3.53858204,4057.21866,0
1944.125,3.86437939,4063.69696,0
1944.16667,4.19017673,4070.17525,0
1944.20833,4.1216203,4076.65355,0
1944.25,4.05306388,4083.13184,0
1944.29167,4.28353946,4089.61014,0
1944.33333,4.51401503,4096.08843,0
1944.375,4.6886374,4102.56673,0
1944.41667,4.86325976,4109.04503,0
1944.45833,4.70557517,4115.52332,0
1944.5,4.54789058,4122.00162,0
1944.54167,4.40584805,4128.47991,0
1944.58333,4.26380552,4134.95821,0
1944.625,4.5125302,4141.4365,0
1944.66667,4.76125488,4147.9148,0
1944.70833,4.42278592,4154.39309,0
1944.75,4.08431697,4160.87139,0
1944.79167,4.29287789,4167.34969,0
1944.83333,4.50143881,4173.82798,0
1944.875,4.81739279,4180.30628,0
1944.91667,5.13334677,4186.78457,0
1944.95833,4.90002724,4193.26287,0
1945,4.66670771,4199.74116,0
1945.04167,4.43195256,4206.84199,0
1945.08333,4.1971974,4213.94281,0
1945.125,4.67059034,4221.04364,0
1945.16667,5.14398327,4228.14446,0
1945.20833,5.01616044,4235.24529,0
1945.25,4.88833762,4242.34611,0
1945.29167,4.89241179,4249.44694,0
1945.33333,4.89648597,4256.54776,0
1945.375,4.95026928,4263.64859,0
1945.41667,5.00405259,4270.74941,0
1945.45833,4.85883421,4277.85024,0
1945.5,4.71361582,4284.95106,0
1945.54167,4.90870965,4292.05189,0
1945.58333,5.10380348,4299.15271,0
1945.625,5.00811529,4306.25354,0
1945.66667,4.9124271,4313.35436,0
1945.70833,4.88312787,4320.45519,0
1945.75,4.85382864,4327.55601,0
1945.79167,4.55710166,4334.65684,0
1945.83333,4.26037469,4341.75766,0
1945.875,4.28061942,4348.85849,0
1945.91667,4.30086415,4355.95932,0
1945.95833,4.37983236,4363.06014,0
1946,4.45880058,4370.16097,0
1946.04167,4.3957752,4377.6463,0
1946.08333,4.33274982,4385.13164,0
1946.125,4.82469327,4392.61698,0
1946.16667,5.31663672,4400.10232,0
1946.20833,4.68946582,4407.58766,0
1946.25,4.06229492,4415.073,0
1946.29167,4.53045177,4422.55834,0
1946.33333,4.99860862,4430.04368,0
1946.375,4.94401124,4437.52902,0
1946.41667,4.88941386,4445.01436,0
1946.45833,4.76679978,4452.4997,0
1946.5,4.6441857,4459.98504,0
1946.54167,4.7418538,4467.47038,0
1946.58333,4.8395219,4474.95572,0
1946.625,5.40536246,4482.44106,0
1946.66667,5.97120301,4489.9264,0
1946.70833,5.55059861,4497.41174,0
1946.75,5.12999422,4504.89707,0
1946.79167,4.7761275,4512.38241,0
1946.83333,4.42226078,4519.86775,0
1946.875,4.75985908,4527.35309,0
1946.91667,5.09745739,4534.83843,0
1946.95833,4.86219095,4542.32377,2
1947,4.62692452,4549.80911,4
1947.04167,4.65572593,4557.44095,16
1947.08333,4.68452734,4565.07279,28
1947.125,5.05703928,4572.70463,54
1947.16667,5.42955123,4580.33647,81
1947.20833,5.29549673,4587.9683,88
1947.25,5.16144224,4595.60014,95
1947.29167,5.19929972,4603.23198,73
1947.33333,5.2371572,4610.86382,51
1947.375,5.36998137,4618.49566,26
1947.41667,5.50280554,4626.1275,0
1947.45833,5.44596853,4633.75934,0
1947.5,5.38913152,4641.39118,0
1947.54167,5.54832998,4649.02301,1
1947.58333,5.70752845,4656.65485,1
1947.625,5.72858942,4664.28669,2
1947.66667,5.74965039,4671.91853,3
1947.70833,5.83144991,4679.55037,3
1947.75,5.91324942,4687.18221,3
1947.79167,5.66534486,4694.81405,2
1947.83333,5.41744031,4702.44589,0
1947.875,5.29058185,4710.07772,0
1947.91667,5.16372339,4717.70956,0
1947.95833,4.99300229,4725.3414,0
1948,4.82228119,4732.97324,0
1948.04167,4.93943472,4740.51356,2
1948.08333,5.05658824,4748.05389,3
1948.125,5.54957736,4755.59421,2
1948.16667,6.04256648,4763.13453,0
1948.20833,5.61004282,4770.67486,0
1948.25,5.17751916,4778.21518,0
1948.29167,5.89112361,4785.7555,0
1948.33333,6.60472806,4793.29582,0
1948.375,6.47832151,4800.83615,0
1948.41667,6.35191495,4808.37647,0
1948.45833,6.06692657,4815.91679,0
1948.5,5.78193818,4823.45712,0
1948.54167,5.73366528,4830.99744,0
1948.58333,5.68539238,4838.53776,0
1948.625,5.75154518,4846.07808,0
1948.66667,5.81769797,4853.61841,0
1948.70833,5.27487916,4861.15873,0
1948.75,4.73206035,4868.69905,0
1948.79167,4.95680875,4876.23938,0
1948.83333,5.18155715,4883.7797,0
1948.875,5.51326669,4891.32002,0
1948.91667,5.84497624,4898.86034,0
1948.95833,5.90274142,4906.40067,0
1949,5.96050661,4913.94099,0
1949.04167,5.68039737,4921.15178,0
1949.08333,5.40028813,4928.36257,0
1949.125,5.39511824,4935.57337,0
1949.16667,5.38994834,4942.78416,0
1949.20833,5.06411795,4949.99495,0
1949.25,4.73828755,4957.20574,0
1949.29167,5.29451244,4964.41654,0
1949.33333,5.85073732,4971.62733,0
1949.375,5.81903153,4978.83812,0
1949.41667,5.78732574,4986.04891,0
1949.45833,5.95227475,4993.2597,0
1949.5,6.11722376,5000.4705,0
1949.54167,6.2647027,5007.68129,0
1949.58333,6.41218163,5014.89208,0
1949.625,5.97714482,5022.10287,0
1949.66667,5.542108,5029.31366,0
1949.70833,5.69855474,5036.52446,0
1949.75,5.85500149,5043.73525,0
1949.79167,5.91294932,5050.94604,0
1949.83333,5.97089715,5058.15683,0
1949.875,6.19107419,5065.36762,0
1949.91667,6.41125123,5072.57842,0
1949.95833,6.01887273,5079.78921,0
1950,5.62649424,5087,0
1950.04167,5.61095322,5094.20605,0
1950.08333,5.59541221,5101.4121,0
1950.125,5.65210223,5108.61815,0
1950.16667,5.70879224,5115.8242,0
1950.20833,6.1633801,5123.03025,0
1950.25,6.61796796,5130.2363,0
1950.29167,6.65710679,5137.44236,3
1950.33333,6.69624561,5144.64841,6
1950.375,6.40939599,5151.85446,4
1950.41667,6.12254638,5159.06051,2
1950.45833,6.38815094,5166.26656,8
1950.5,6.6537555,5173.47261,13
1950.54167,6.40265957,5180.67866,11
1950.58333,6.15156363,5187.88471,8
1950.625,6.29958773,5195.09076,7
1950.66667,6.44761183,5202.29681,5
1950.70833,6.37775281,5209.50286,2
1950.75,6.30789379,5216.70891,0
1950.79167,6.1560311,5223.91497,4
1950.83333,6.00416841,5231.12102,7
1950.875,6.12519029,5238.32707,8
1950.91667,6.24621218,5245.53312,9
1950.95833,6.06670402,5252.73917,13
1951,5.88719586,5259.94522,17
1951.04167,6.02878499,5267.59787,19
1951.08333,6.17037412,5275.25052,20
1951.125,6.03813008,5282.90317,53
1951.16667,5.90588603,5290.55582,87
1951.20833,6.11200608,5298.20847,61
1951.25,6.31812612,5305.86112,35
1951.29167,6.54322501,5313.51377,81
1951.33333,6.7683239,5321.16643,126
1951.375,6.33275132,5328.81908,134
1951.41667,5.89717874,5336.47173,142
1951.45833,6.18702554,5344.12438,90
1951.5,6.47687234,5351.77703,38
1951.54167,6.46353526,5359.42968,20
1951.58333,6.45019818,5367.08233,1
1951.625,6.54755165,5374.73498,1
1951.66667,6.64490513,5382.38763,0
1951.70833,6.09550286,5390.04028,0
1951.75,5.54610059,5397.69293,0
1951.79167,5.65227805,5405.34558,0
1951.83333,5.75845551,5412.99824,0
1951.875,5.72586472,5420.65089,0
1951.91667,5.69327394,5428.30354,0
1951.95833,5.89273991,5435.95619,0
1952,6.09220588,5443.60884,0
1952.04167,6.26433728,5451.6599,0
1952.08333,6.43646867,5459.71097,0
1952.125,6.13402071,5467.76203,0
1952.16667,5.83157274,5475.81309,0
1952.20833,5.79874633,5483.86415,0
1952.25,5.76591992,5491.91522,0
1952.29167,6.20953917,5499.96628,0
1952.33333,6.65315841,5508.01734,0
1952.375,6.8360841,5516.06841,0
1952.41667,7.01900978,5524.11947,0
1952.45833,6.22768528,5532.17053,0
1952.5,5.43636077,5540.2216,0
1952.54167,6.13519104,5548.27266,0
1952.58333,6.83402131,5556.32372,0
1952.625,6.92386267,5564.37479,0
1952.66667,7.01370402,5572.42585,0
1952.70833,7.08497158,5580.47691,0
1952.75,7.15623913,5588.52798,0
1952.79167,6.40725763,5596.57904,0
1952.83333,5.65827613,5604.6301,0
1952.875,6.04982043,5612.68117,0
1952.91667,6.44136473,5620.73223,0
1952.95833,6.47463768,5628.78329,0
1953,6.50791063,5636.83436,0
1953.04167,5.84831917,5645.23564,0
1953.08333,5.18872771,5653.63693,0
1953.125,5.79785688,5662.03822,0
1953.16667,6.40698605,5670.43951,0
1953.20833,6.6283357,5678.8408,0
1953.25,6.84968534,5687.24209,0
1953.29167,7.31836979,5695.64337,0
1953.33333,7.78705424,5704.04466,0
1953.375,7.71482512,5712.44595,0
1953.41667,7.64259599,5720.84724,0
1953.45833,7.14204179,5729.24853,0
1953.5,6.64148759,5737.64981,0
1953.54167,7.03523406,5746.0511,0
1953.58333,7.42898052,5754.45239,0
1953.625,7.14660167,5762.85368,0
1953.66667,6.86422281,5771.25497,0
1953.70833,6.667172,5779.65626,0
1953.75,6.47012118,5788.05754,0
1953.79167,6.54014269,5796.45883,0
1953.83333,6.61016419,5804.86012,0
1953.875,6.56557719,5813.26141,0
1953.91667,6.52099019,5821.6627,0
1953.95833,6.67729853,5830.06398,0
1954,6.83360688,5838.46527,0
1954.04167,6.50180135,5847.1686,0
1954.08333,6.16999583,5855.87192,0
1954.125,6.30743943,5864.57525,0
1954.16667,6.44488302,5873.27857,0
1954.20833,6.42899536,5881.9819,0
1954.25,6.41310769,5890.68522,0
1954.29167,6.6758799,5899.38855,4
1954.33333,6.93865212,5908.09188,8
1954.375,7.09613481,5916.7952,9
1954.41667,7.25361751,5925.49853,11
1954.45833,7.23807497,5934.20185,10
1954.5,7.22253243,5942.90518,9
1954.54167,7.38046873,5951.6085,11
1954.58333,7.53840502,5960.31183,12
1954.625,7.31066627,5969.01515,19
1954.66667,7.08292751,5977.71848,27
1954.70833,6.90301356,5986.4218,66
1954.75,6.72309961,5995.12513,104
1954.79167,6.75553965,6003.82846,144
1954.83333,6.7879797,6012.53178,183
1954.875,6.89791369,6021.23511,138
1954.91667,7.00784768,6029.93843,92
1954.95833,7.54432379,6038.64176,47
1955,8.08079989,6047.34508,2
1955.04167,7.13464861,6056.30226,1
1955.08333,6.18849733,6065.25943,0
1955.125,6.93959464,6074.21661,0
1955.16667,7.69069195,6083.17378,0
1955.20833,7.57824845,6092.13096,0
1955.25,7.46580495,6101.08813,0
1955.29167,7.48935055,6110.04531,0
1955.33333,7.51289615,6119.00248,0
1955.375,7.06885093,6127.95966,0
1955.41667,6.6248057,6136.91683,0
1955.45833,7.13557567,6145.87401,0
1955.5,7.64634564,6154.83118,0
1955.54167,7.77743992,6163.78836,0
1955.58333,7.90853419,6172.74553,0
1955.625,7.87374256,6181.70271,0
1955.66667,7.83895092,6190.65989,0
1955.70833,7.50074285,6199.61706,0
1955.75,7.16253478,6208.57424,0
1955.79167,6.85296912,6217.53141,0
1955.83333,6.54340345,6226.48859,0
1955.875,6.85094455,6235.44576,0
1955.91667,7.15848564,6244.40294,0
1955.95833,7.1623658,6253.36011,0
1956,7.16624595,6262.31729,0
1956.04167,7.34753179,6271.48012,0
1956.08333,7.52881762,6280.64296,0
1956.125,7.33658726,6289.8058,0
1956.16667,7.1443569,6298.96864,0
1956.20833,7.17825945,6308.13147,0
1956.25,7.212162,6317.29431,0
1956.29167,7.48288793,6326.45715,0
1956.33333,7.75361386,6335.61998,0
1956.375,7.975603,6344.78282,0
1956.41667,8.19759214,6353.94566,0
1956.45833,8.1333389,6363.1085,0
1956.5,8.06908567,6372.27133,0
1956.54167,7.96506267,6381.43417,0
1956.58333,7.86103966,6390.59701,0
1956.625,7.598153,6399.75985,0
1956.66667,7.33526634,6408.92268,0
1956.70833,7.50841097,6418.08552,0
1956.75,7.6815556,6427.24836,0
1956.79167,7.63650505,6436.4112,0
1956.83333,7.59145451,6445.57403,0
1956.875,7.516439,6454.73687,0
1956.91667,7.4414235,6463.89971,0
1956.95833,7.61522638,6473.06254,0
1957,7.78902927,6482.22538,0
1957.04167,7.74207615,6491.54569,0
1957.08333,7.69512303,6500.86601,0
1957.125,7.85757439,6510.18632,0
1957.16667,8.02002575,6519.50663,0
1957.20833,7.8333245,6528.82694,0
1957.25,7.64662324,6538.14725,0
1957.29167,7.77931888,6547.46756,0
1957.33333,7.91201453,6556.78788,0
1957.375,7.8649507,6566.10819,0
1957.41667,7.81788687,6575.4285,0
1957.45833,7.7907586,6584.74881,0
1957.5,7.76363033,6594.06912,0
1957.54167,7.71643365,6603.38944,0
1957.58333,7.66923698,6612.70975,0
1957.625,7.94258855,6622.03006,0
1957.66667,8.21594013,6631.35037,0
1957.70833,8.33928795,6640.67068,0
1957.75,8.46263578,6649.991,0
1957.79167,8.21489533,6659.31131,0
1957.83333,7.96715488,6668.63162,0
1957.875,7.75921173,6677.95193,0
1957.91667,7.55126858,6687.27224,0
1957.95833,8.06654065,6696.59256,0
1958,8.58181272,6705.91287,0
1958.04167,7.88243557,6715.34247,0
1958.08333,7.18305842,6724.77206,0
1958.125,7.52954467,6734.20166,0
1958.16667,7.87603092,6743.63126,0
1958.20833,8.0317117,6753.06086,0
1958.25,8.18739249,6762.49046,0
1958.29167,7.81850791,6771.92006,0
1958.33333,7.44962333,6781.34966,0
1958.375,7.80750858,6790.77926,0
1958.41667,8.16539383,6800.20886,0
1958.45833,7.7147108,6809.63845,0
1958.5,7.26402777,6819.06805,0
1958.54167,7.21745871,6828.49765,0
1958.58333,7.17088964,6837.92725,0
1958.625,7.42839873,6847.35685,0
1958.66667,7.68590782,6856.78645,0
1958.70833,7.98458842,6866.21605,4
1958.75,8.28326901,6875.64565,8
1958.79167,7.89156374,6885.07525,15
1958.83333,7.49985847,6894.50484,22
1958.875,8.00255871,6903.93444,74
1958.91667,8.50525896,6913.36404,127
1958.95833,8.46926072,6922.79364,170
1959,8.43326248,6932.22324,213
1959.04167,8.27397697,6941.71394,149
1959.08333,8.11469146,6951.20464,85
1959.125,8.08775682,6960.69534,49
1959.16667,8.06082219,6970.18603,13
1959.20833,7.6457454,6979.67673,7
1959.25,7.23066862,6989.16743,1
1959.29167,7.81659487,6998.65813,1
1959.33333,8.40252113,7008.14883,0
1959.375,8.396086,7017.63953,0
1959.41667,8.38965087,7027.13022,0
1959.45833,8.6801723,7036.62092,0
1959.5,8.97069372,7046.11162,0
1959.54167,8.63649736,7055.60232,0
1959.58333,8.30230101,7065.09302,0
1959.625,8.16241587,7074.58372,0
1959.66667,8.02253074,7084.07441,0
1959.70833,8.29311607,7093.56511,0
1959.75,8.56370141,7103.05581,0
1959.79167,8.33117132,7112.54651,0
1959.83333,8.09864123,7122.03721,0
1959.875,8.26686757,7131.52791,0
1959.91667,8.4350939,7141.0186,0
1959.95833,8.22266616,7150.5093,0
1960,8.01023842,7160,0
1960.04167,7.6124617,7169.71196,0
1960.08333,7.21468497,7179.42391,0
1960.125,7.64146519,7189.13587,0
1960.16667,8.06824541,7198.84783,0
1960.20833,8.29967175,7208.55978,0
1960.25,8.53109809,7218.27174,0
1960.29167,8.76299772,7227.9837,0
1960.33333,8.99489735,7237.69565,0
1960.375,8.73048376,7247.40761,0
1960.41667,8.46607016,7257.11957,0
1960.45833,8.73984196,7266.83152,0
1960.5,9.01361375,7276.54348,0
1960.54167,9.15311887,7286.25543,0
1960.58333,9.29262399,7295.96739,0
1960.625,8.97560127,7305.67935,0
1960.66667,8.65857856,7315.3913,0
1960.70833,8.96445365,7325.10326,0
1960.75,9.27032875,7334.81522,0
1960.79167,8.75495108,7344.52717,0
1960.83333,8.23957341,7354.23913,0
1960.875,8.15010468,7363.95109,0
1960.91667,8.06063595,7373.66304,0
1960.95833,8.21074894,7383.375,0
1961,8.36086194,7393.08696,0
1961.04167,7.81223115,7403.16773,0
1961.08333,7.26360035,7413.24851,0
1961.125,7.98836594,7423.32929,0
1961.16667,8.71313154,7433.41007,0
1961.20833,7.89157001,7443.49084,0
1961.25,7.07000849,7453.57162,0
1961.29167,7.76479737,7463.6524,0
1961.33333,8.45958625,7473.73317,0
1961.375,8.06583088,7483.81395,0
1961.41667,7.67207551,7493.89473,0
1961.45833,7.81257019,7503.97551,0
1961.5,7.95306486,7514.05628,0
1961.54167,7.87327992,7524.13706,0
1961.58333,7.79349499,7534.21784,0
1961.625,7.80816196,7544.29862,0
1961.66667,7.82282894,7554.37939,0
1961.70833,8.18486798,7564.46017,0
1961.75,8.54690701,7574.54095,0
1961.79167,8.22480603,7584.62172,0
1961.83333,7.90270505,7594.7025,0
1961.875,8.0229317,7604.78328,0
1961.91667,8.14315836,7614.86406,0
1961.95833,7.86237689,7624.94483,0
1962,7.58159543,7635.02561,0
1962.04167,7.64961837,7645.40813,0
1962.08333,7.71764131,7655.79064,0
1962.125,8.11394951,7666.17316,0
1962.16667,8.51025771,7676.55568,0
1962.20833,8.43061633,7686.93819,0
1962.25,8.35097494,7697.32071,0
1962.29167,8.8653153,7707.70322,1
1962.33333,9.37965566,7718.08574,1
1962.375,8.8966374,7728.46826,1
1962.41667,8.41361913,7738.85077,0
1962.45833,8.28041394,7749.23329,1
1962.5,8.14720875,7759.6158,2
1962.54167,8.65260086,7769.99832,1
1962.58333,9.15799296,7780.38084,0
1962.625,8.79033453,7790.76335,2
1962.66667,8.42267609,7801.14587,4
1962.70833,8.83335393,7811.52838,9
1962.75,9.24403177,7821.9109,14
1962.79167,8.37321882,7832.29342,29
1962.83333,7.50240587,7842.67593,44
1962.875,7.6138936,7853.05845,79
1962.91667,7.72538132,7863.44096,115
1962.95833,8.1263693,7873.82348,138
1963,8.52735728,7884.206,161
1963.04167,8.24275148,7894.82317,99
1963.08333,7.95814567,7905.44034,37
1963.125,8.1238509,7916.05752,31
1963.16667,8.28955614,7926.67469,24
1963.20833,8.70289269,7937.29186,12
1963.25,9.11622924,7947.90903,1
1963.29167,8.78788466,7958.52621,1
1963.33333,8.45954008,7969.14338,0
1963.375,8.72306052,7979.76055,0
1963.41667,8.98658097,7990.37773,0
1963.45833,9.33700382,8000.9949,0
1963.5,9.68742666,8011.61207,0
1963.54167,9.52023611,8022.22924,0
1963.58333,9.35304556,8032.84642,0
1963.625,9.32602113,8043.46359,0
1963.66667,9.2989967,8054.08076,0
1963.70833,9.08786732,8064.69794,0
1963.75,8.87673794,8075.31511,0
1963.79167,8.5458927,8085.93228,0
1963.83333,8.21504746,8096.54946,0
1963.875,7.68812167,8107.16663,0
1963.91667,7.16119588,8117.7838,0
1963.95833,8.01262038,8128.40097,0
1964,8.86404488,8139.01815,0
1964.04167,8.70598972,8149.80289,0
1964.08333,8.54793457,8160.58764,0
1964.125,8.83590082,8171.37239,0
1964.16667,9.12386708,8182.15714,0
1964.20833,8.95467556,8192.94189,0
1964.25,8.78548404,8203.72663,0
1964.29167,8.87779554,8214.51138,0
1964.33333,8.97010705,8225.29613,0
1964.375,8.82226809,8236.08088,0
1964.41667,8.67442913,8246.86563,0
1964.45833,8.94186352,8257.65037,0
1964.5,9.20929791,8268.43512,0
1964.54167,9.03933543,8279.21987,0
1964.58333,8.86937296,8290.00462,0
1964.625,8.32629513,8300.78937,0
1964.66667,7.7832173,8311.57411,0
1964.70833,8.00712588,8322.35886,0
1964.75,8.23103446,8333.14361,0
1964.79167,8.40050469,8343.92836,0
1964.83333,8.56997492,8354.7131,0
1964.875,8.79481611,8365.49785,0
1964.91667,9.01965729,8376.2826,0
1964.95833,8.33099847,8387.06735,0
1965,7.64233965,8397.8521,0
1965.04167,7.94437885,8408.73734,0
1965.08333,8.24641806,8419.62258,0
1965.125,8.48291463,8430.50782,0
1965.16667,8.7194112,8441.39306,0
1965.20833,8.87908838,8452.2783,0
1965.25,9.03876556,8463.16354,0
1965.29167,9.0881713,8474.04878,0
1965.33333,9.13757704,8484.93402,0
1965.375,9.09848325,8495.81926,0
1965.41667,9.05938945,8506.70451,0
1965.45833,8.84279233,8517.58975,0
1965.5,8.62619521,8528.47499,0
1965.54167,8.86420454,8539.36023,0
1965.58333,9.10221386,8550.24547,0
1965.625,9.47410705,8561.13071,0
1965.66667,9.84600025,8572.01595,0
1965.70833,9.50669516,8582.90119,0
1965.75,9.16739007,8593.78643,0
1965.79167,8.72706067,8604.67167,0
1965.83333,8.28673128,8615.55691,0
1965.875,8.02380435,8626.44216,0
1965.91667,7.76087743,8637.3274,0
1965.95833,7.97736697,8648.21264,0
1966,8.19385651,8659.09788,0
1966.04167,7.94126526,8670.01653,0
1966.08333,7.688674,8680.93518,0
1966.125,7.96133858,8691.85383,0
1966.16667,8.23400315,8702.77249,0
1966.20833,8.29445621,8713.69114,0
1966.25,8.35490928,8724.60979,0
1966.29167,8.62850601,8735.52844,0
1966.33333,8.90210274,8746.44709,0
1966.375,8.44673212,8757.36575,0
1966.41667,7.99136149,8768.2844,0
1966.45833,8.91701735,8779.20305,0
1966.5,9.84267322,8790.1217,0
1966.54167,9.85922368,8801.04035,0
1966.58333,9.87577415,8811.95901,0
1966.625,9.67840617,8822.87766,0
1966.66667,9.48103818,8833.79631,0
1966.70833,9.68903525,8844.71496,0
1966.75,9.89703231,8855.63361,0
1966.79167,9.01088301,8866.55227,0
1966.83333,8.12473372,8877.47092,0
1966.875,8.46798563,8888.38957,4
1966.91667,8.81123755,8899.30822,9
1966.95833,8.18267929,8910.22687,24
1967,7.55412103,8921.14553,38
1967.04167,7.46781751,8932.03051,59
1967.08333,7.381514,8942.91549,80
1967.125,7.7257025,8953.80047,104
1967.16667,8.069891,8964.68545,129
1967.20833,8.26733646,8975.57043,135
1967.25,8.46478192,8986.45541,140
1967.29167,9.27608388,8997.34039,72
1967.33333,10.0873858,9008.22537,4
1967.375,8.96718638,9019.11036,14
1967.41667,7.84698693,9029.99534,24
1967.45833,8.31818873,9040.88032,16
1967.5,8.78939054,9051.7653,9
1967.54167,8.78292411,9062.65028,5
1967.58333,8.77645768,9073.53526,1
1967.625,8.35917787,9084.42024,1
1967.66667,7.94189806,9095.30522,0
1967.70833,8.46040385,9106.1902,0
1967.75,8.97890964,9117.07519,0
1967.79167,8.6065319,9127.96017,0
1967.83333,8.23415417,9138.84515,0
1967.875,8.17005895,9149.73013,2
1967.91667,8.10596373,9160.61511,5
1967.95833,8.37410965,9171.50009,2
1968,8.64225556,9182.38507,0
1968.04167,7.98232397,9193.1693,2
1968.08333,7.32239239,9203.95353,3
1968.125,7.92485089,9214.73776,2
1968.16667,8.52730939,9225.52199,0
1968.20833,8.63652649,9236.30621,10
1968.25,8.7457436,9247.09044,19
1968.29167,8.76305251,9257.87467,10
1968.33333,8.78036142,9268.6589,0
1968.375,8.14003418,9279.44313,10
1968.41667,7.49970694,9290.22736,20
1968.45833,7.82814624,9301.01158,10
1968.5,8.15658555,9311.79581,0
1968.54167,8.2776452,9322.58004,1
1968.58333,8.39870485,9333.36427,1
1968.625,8.29997891,9344.1485,1
1968.66667,8.20125297,9354.93273,0
1968.70833,8.09065403,9365.71695,0
1968.75,7.98005509,9376.50118,0
1968.79167,7.5207273,9387.28541,0
1968.83333,7.06139951,9398.06964,0
1968.875,7.67075569,9408.85387,1
1968.91667,8.28011186,9419.6381,2
1968.95833,8.21566497,9430.42232,4
1969,8.15121807,9441.20655,6
1969.04167,7.70317722,9451.82295,4
1969.08333,7.25513638,9462.43934,1
1969.125,7.64680074,9473.05573,1
1969.16667,8.0384651,9483.67213,0
1969.20833,8.23246544,9494.28852,1
1969.25,8.42646579,9504.90491,1
1969.29167,8.70315486,9515.52131,1
1969.33333,8.97984393,9526.1377,0
1969.375,8.98735424,9536.7541,8
1969.41667,8.99486454,9547.37049,17
1969.45833,8.87299008,9557.98688,28
1969.5,8.75111561,9568.60328,38
1969.54167,8.38139065,9579.21967,27
1969.58333,8.01166569,9589.83606,16
1969.625,8.03013428,9600.45246,15
1969.66667,8.04860286,9611.06885,14
1969.70833,8.09075282,9621.68524,20
1969.75,8.13290278,9632.30164,25
1969.79167,8.21069246,9642.91803,33
1969.83333,8.28848214,9653.53443,41
1969.875,8.17674236,9664.15082,33
1969.91667,8.06500259,9674.76721,24
1969.95833,8.11918933,9685.38361,19
1970,8.17337607,9696,14
1970.04167,7.8594713,9706.42411,8
1970.08333,7.54556653,9716.84822,1
1970.125,7.95780608,9727.27234,1
1970.16667,8.37004562,9737.69645,2
1970.20833,8.3895781,9748.12056,8
1970.25,8.40911057,9758.54467,14
1970.29167,8.23722425,9768.96878,13
1970.33333,8.06533793,9779.39289,11
1970.375,8.16852695,9789.81701,10
1970.41667,8.27171597,9800.24112,8
1970.45833,8.23113554,9810.66523,6
1970.5,8.1905551,9821.08934,4
1970.54167,8.41448876,9831.51345,2
1970.58333,8.63842242,9841.93757,0
1970.625,8.2363863,9852.36168,1
1970.66667,7.83435017,9862.78579,2
1970.70833,7.99834386,9873.2099,1
1970.75,8.16233755,9883.63401,1
1970.79167,7.51645585,9894.05812,1
1970.83333,6.87057415,9904.48224,0
1970.875,7.43412764,9914.90635,0
1970.91667,7.99768112,9925.33046,0
1970.95833,8.13834735,9935.75457,0
1971,8.27901357,9946.17868,0
1971.04167,7.97947392,9956.46653,0
1971.08333,7.67993427,9966.75437,0
1971.125,8.29209118,9977.04221,0
1971.16667,8.9042481,9987.33005,0
1971.20833,8.55568948,9997.61789,0
1971.25,8.20713085,10007.9057,0
1971.29167,8.97925768,10018.1936,0
1971.33333,9.75138451,10028.4814,0
1971.375,9.32931614,10038.7693,0
1971.41667,8.90724778,10049.0571,0
1971.45833,9.03394436,10059.3449,0
1971.5,9.16064094,10069.6328,0
1971.54167,9.09196043,10079.9206,0
1971.58333,9.02327992,10090.2085,0
1971.625,9.16251514,10100.4963,0
1971.66667,9.30175035,10110.7841,0
1971.70833,9.15947275,10121.072,0
1971.75,9.01719515,10131.3598,0
1971.79167,8.44537447,10141.6477,0
1971.83333,7.87355379,10151.9355,0
1971.875,8.09853789,10162.2234,0
1971.91667,8.323522,10172.5112,0
1971.95833,8.49979909,10182.799,0
1972,8.67607619,10193.0869,0
1972.04167,8.72771394,10203.2921,0
1972.08333,8.77935169,10213.4972,0
1972.125,9.54461683,10223.7024,0
1972.16667,10.309882,10233.9076,0
1972.20833,9.78346819,10244.1128,0
1972.25,9.25705441,10254.3179,0
1972.29167,10.2942845,10264.5231,0
1972.33333,11.3315147,10274.7283,0
1972.375,10.4350737,10284.9335,0
1972.41667,9.53863265,10295.1387,0
1972.45833,9.94823796,10305.3438,0
1972.5,10.3578433,10315.549,0
1972.54167,10.4101136,10325.7542,1
1972.58333,10.4623839,10335.9594,1
1972.625,9.99623371,10346.1645,1
1972.66667,9.53008356,10356.3697,0
1972.70833,9.53276665,10366.5749,1
1972.75,9.53544974,10376.7801,2
1972.79167,9.27860286,10386.9852,1
1972.83333,9.02175598,10397.1904,0
1972.875,8.75225164,10407.3956,12
1972.91667,8.4827473,10417.6008,24
1972.95833,9.17798992,10427.806,61
1973,9.87323254,10438.0111,98
1973.04167,9.44392734,10448.1873,144
1973.08333,9.01462215,10458.3634,189
1973.125,9.69996702,10468.5395,163
1973.16667,10.3853119,10478.7156,136
1973.20833,9.8810748,10488.8917,85
1973.25,9.37683772,10499.0678,34
1973.29167,10.0510402,10509.244,24
1973.33333,10.7252427,10519.4201,13
1973.375,10.5184678,10529.5962,7
1973.41667,10.3116928,10539.7723,1
1973.45833,10.3159469,10549.9484,0
1973.5,10.320201,10560.1246,0
1973.54167,9.52802455,10570.3007,1
1973.58333,8.73584807,10580.4768,2
1973.625,8.6398103,10590.6529,1
1973.66667,8.54377253,10600.829,0
1973.70833,8.75918899,10611.0052,3
1973.75,8.97460545,10621.1813,6
1973.79167,8.86602094,10631.3574,4
1973.83333,8.75743643,10641.5335,1
1973.875,9.01073912,10651.7096,1
1973.91667,9.26404181,10661.8857,0
1973.95833,8.84299848,10672.0619,1
1974,8.42195516,10682.238,1
1974.04167,8.65015783,10692.4386,1
1974.08333,8.87836051,10702.6393,0
1974.125,9.09438223,10712.84,0
1974.16667,9.31040395,10723.0406,0
1974.20833,9.11347345,10733.2413,0
1974.25,8.91654295,10743.442,0
1974.29167,9.68431779,10753.6426,0
1974.33333,10.4520926,10763.8433,0
1974.375,9.7661547,10774.044,0
1974.41667,9.08021676,10784.2446,0
1974.45833,9.29693228,10794.4453,0
1974.5,9.5136478,10804.646,0
1974.54167,8.90170219,10814.8466,0
1974.58333,8.28975657,10825.0473,0
1974.625,8.79558881,10835.248,0
1974.66667,9.30142106,10845.4486,0
1974.70833,9.25452886,10855.6493,0
1974.75,9.20763666,10865.85,0
1974.79167,8.59421093,10876.0506,0
1974.83333,7.98078521,10886.2513,0
1974.875,7.9585232,10896.452,0
1974.91667,7.93626118,10906.6526,0
1974.95833,8.31736987,10916.8533,0
1975,8.69847855,10927.054,0
1975.04167,8.51305753,10937.3328,0
1975.08333,8.32763651,10947.6116,0
1975.125,8.76069108,10957.8904,0
1975.16667,9.19374565,10968.1693,0
1975.20833,9.38739945,10978.4481,0
1975.25,9.58105324,10988.7269,0
1975.29167,9.85094756,10999.0057,0
1975.33333,10.1208419,11009.2845,0
1975.375,9.65679692,11019.5633,0
1975.41667,9.19275195,11029.8422,0
1975.45833,9.91917592,11040.121,0
1975.5,10.6455999,11050.3998,0
1975.54167,10.0414241,11060.6786,0
1975.58333,9.43724837,11070.9574,0
1975.625,9.47947945,11081.2363,0
1975.66667,9.52171053,11091.5151,0
1975.70833,9.14468555,11101.7939,1
1975.75,8.76766058,11112.0727,1
1975.79167,9.01314403,11122.3515,1
1975.83333,9.25862748,11132.6304,0
1975.875,8.79170828,11142.9092,0
1975.91667,8.32478909,11153.188,0
1975.95833,8.74885781,11163.4668,0
1976,9.17292653,11173.7456,0
1976.04167,8.78290947,11184.1562,0
1976.08333,8.39289241,11194.5668,0
1976.125,9.20233935,11204.9774,0
1976.16667,10.0117863,11215.388,0
1976.20833,9.88980725,11225.7985,0
1976.25,9.76782822,11236.2091,0
1976.29167,9.44074807,11246.6197,0
1976.33333,9.11366792,11257.0303,0
1976.375,9.50345302,11267.4409,0
1976.41667,9.89323813,11277.8514,0
1976.45833,9.70656955,11288.262,0
1976.5,9.51990097,11298.6726,0
1976.54167,9.56399362,11309.0832,0
1976.58333,9.60808628,11319.4938,0
1976.625,9.33076843,11329.9043,1
1976.66667,9.05345059,11340.3149,2
1976.70833,8.94284857,11350.7255,1
1976.75,8.83224654,11361.1361,0
1976.79167,8.656925,11371.5466,0
1976.83333,8.48160346,11381.9572,0
1976.875,8.3316724,11392.3678,0
1976.91667,8.18174133,11402.7784,1
1976.95833,8.03145075,11413.189,0
1977,7.88116017,11423.5995,0
1977.04167,8.11905489,11434.1955,0
1977.08333,8.35694962,11444.7914,0
1977.125,8.73792178,11455.3874,0
1977.16667,9.11889394,11465.9833,1
1977.20833,8.93016651,11476.5793,0
1977.25,8.74143907,11487.1752,0
1977.29167,9.47422304,11497.7712,5
1977.33333,10.207007,11508.3671,9
1977.375,9.57637514,11518.963,16
1977.41667,8.94574327,11529.559,23
1977.45833,9.12067379,11540.1549,23
1977.5,9.29560431,11550.7509,23
1977.54167,9.28846631,11561.3468,18
1977.58333,9.28132832,11571.9428,13
1977.625,8.47797959,11582.5387,13
1977.66667,7.67463086,11593.1346,13
1977.70833,7.81017382,11603.7306,11
1977.75,7.94571679,11614.3265,9
1977.79167,8.01616448,11624.9225,14
1977.83333,8.08661217,11635.5184,19
1977.875,8.26203828,11646.1144,34
1977.91667,8.43746439,11656.7103,49
1977.95833,8.4821383,11667.3063,33
1978,8.5268122,11677.9022,17
1978.04167,8.21635171,11688.7371,9
1978.08333,7.90589123,11699.572,0
1978.125,8.39671501,11710.407,0
1978.16667,8.8875388,11721.2419,0
1978.20833,8.93193768,11732.0768,1
1978.25,8.97633656,11742.9117,1
1978.29167,9.41611229,11753.7466,1
1978.33333,9.85588801,11764.5815,0
1978.375,9.47879,11775.4164,0
1978.41667,9.10169198,11786.2514,0
1978.45833,9.46325293,11797.0863,0
1978.5,9.82481388,11807.9212,0
1978.54167,9.96242099,11818.7561,0
1978.58333,10.1000281,11829.591,0
1978.625,9.64237484,11840.4259,0
1978.66667,9.18472158,11851.2609,0
1978.70833,9.64023215,11862.0958,0
1978.75,10.0957427,11872.9307,0
1978.79167,9.45136773,11883.7656,0
1978.83333,8.80699273,11894.6005,0
1978.875,8.70559439,11905.4354,0
1978.91667,8.60419606,11916.2703,0
1978.95833,9.07414768,11927.1053,1
1979,9.54409929,11937.9402,2
1979.04167,9.24262768,11949.0677,1
1979.08333,8.94115607,11960.1952,0
1979.125,10.2239394,11971.3227,0
1979.16667,11.5067227,11982.4501,0
1979.20833,10.8589967,11993.5776,0
1979.25,10.2112706,12004.7051,0
1979.29167,10.7498575,12015.8326,0
1979.33333,11.2884444,12026.9601,0
1979.375,10.4256663,12038.0876,0
1979.41667,9.56288829,12049.2151,0
1979.45833,9.96848562,12060.3426,0
1979.5,10.374083,12071.4701,0
1979.54167,10.2719499,12082.5976,0
1979.58333,10.1698169,12093.7251,0
1979.625,9.51832651,12104.8526,0
1979.66667,8.86683617,12115.9801,0
1979.70833,9.32685873,12127.1076,0
1979.75,9.78688129,12138.235,0
1979.79167,9.68415255,12149.3625,0
1979.83333,9.5814238,12160.49,0
1979.875,9.66654076,12171.6175,0
1979.91667,9.75165773,12182.745,0
1979.95833,10.2537128,12193.8725,0
1980,10.7557678,12205,0
1980.04167,10.2765722,12216.3965,0
1980.08333,9.79737657,12227.7931,0
1980.125,10.3140946,12239.1896,0
1980.16667,10.8308126,12250.5862,0
1980.20833,10.9709729,12261.9827,0
1980.25,11.1111332,12273.3793,0
1980.29167,11.5080126,12284.7758,0
1980.33333,11.904892,12296.1724,0
1980.375,10.9784766,12307.5689,0
1980.41667,10.0520613,12318.9655,0
1980.45833,10.2463178,12330.362,0
1980.5,10.4405744,12341.7586,0
1980.54167,10.1207844,12353.1551,0
1980.58333,9.80099444,12364.5517,0
1980.625,10.0090396,12375.9482,0
1980.66667,10.2170847,12387.3448,0
1980.70833,9.84228594,12398.7413,1
1980.75,9.4674872,12410.1379,1
1980.79167,8.99690913,12421.5344,1
1980.83333,8.52633106,12432.931,0
1980.875,9.00614021,12444.3275,0
1980.91667,9.48594936,12455.7241,0
1980.95833,9.32732398,12467.1206,0
1981,9.1686986,12478.5172,0
1981.04167,9.11796407,12490.1206,0
1981.08333,9.06722954,12501.724,0
1981.125,9.71130749,12513.3275,1
1981.16667,10.3553854,12524.9309,2
1981.20833,11.0005019,12536.5343,1
1981.25,11.6456184,12548.1378,0
1981.29167,10.722299,12559.7412,0
1981.33333,9.79897963,12571.3446,0
1981.375,9.84392195,12582.948,0
1981.41667,9.88886428,12594.5515,0
1981.45833,9.76983649,12606.1549,0
1981.5,9.6508087,12617.7583,0
1981.54167,9.66838953,12629.3618,0
1981.58333,9.68597036,12640.9652,0
1981.625,10.0732518,12652.5686,0
1981.66667,10.4605333,12664.172,0
1981.70833,10.1358855,12675.7755,2
1981.75,9.81123765,12687.3789,3
1981.79167,9.40377614,12698.9823,2
1981.83333,8.99631464,12710.5858,1
1981.875,9.60383598,12722.1892,1
1981.91667,10.2113573,12733.7926,1
1981.95833,10.0368994,12745.3961,0
1982,9.86244156,12756.9995,0
1982.04167,9.71439312,12768.8054,0
1982.08333,9.56634468,12780.6114,0
1982.125,9.96824379,12792.4173,0
1982.16667,10.3701429,12804.2232,0
1982.20833,10.3734443,12816.0292,0
1982.25,10.3767457,12827.8351,0
1982.29167,10.4626733,12839.641,0
1982.33333,10.5486008,12851.447,0
1982.375,10.4692761,12863.2529,0
1982.41667,10.3899514,12875.0588,0
1982.45833,10.5587152,12886.8648,0
1982.5,10.727479,12898.6707,0
1982.54167,10.372156,12910.4766,0
1982.58333,10.0168329,12922.2826,0
1982.625,9.99239962,12934.0885,0
1982.66667,9.96796634,12945.8944,0
1982.70833,9.62575753,12957.7004,0
1982.75,9.28354871,12969.5063,0
1982.79167,9.10678478,12981.3122,0
1982.83333,8.93002085,12993.1182,0
1982.875,9.22332808,13004.9241,0
1982.91667,9.51663531,13016.73,0
1982.95833,9.82415141,13028.536,0
1983,10.1316675,13040.3419,0
1983.04167,9.30464436,13052.346,0
1983.08333,8.47762122,13064.35,0
1983.125,9.53469384,13076.3541,0
1983.16667,10.5917665,13088.3582,0
1983.20833,10.5821878,13100.3622,2
1983.25,10.5726091,13112.3663,4
1983.29167,10.9657037,13124.3703,2
1983.33333,11.3587983,13136.3744,0
1983.375,11.3217062,13148.3785,0
1983.41667,11.284614,13160.3825,1
1983.45833,10.9136491,13172.3866,1
1983.5,10.5426842,13184.3907,1
1983.54167,10.4355882,13196.3947,1
1983.58333,10.3284922,13208.3988,0
1983.625,10.8481133,13220.4029,0
1983.66667,11.3677345,13232.4069,0
1983.70833,10.3127087,13244.411,0
1983.75,9.25768296,13256.415,0
1983.79167,9.08002075,13268.4191,0
1983.83333,8.90235854,13280.4232,0
1983.875,8.80819265,13292.4272,0
1983.91667,8.71402675,13304.4313,0
1983.95833,8.96910422,13316.4354,0
1984,9.2241817,13328.4394,0
1984.04167,9.66276248,13340.6372,0
1984.08333,10.1013433,13352.8351,0
1984.125,10.1206726,13365.0329,0
1984.16667,10.1400019,13377.2307,0
1984.20833,10.2434823,13389.4285,0
1984.25,10.3469627,13401.6263,0
1984.29167,9.39802297,13413.8241,0
1984.33333,8.44908322,13426.0219,0
1984.375,9.00146315,13438.2198,0
1984.41667,9.55384308,13450.4176,0
1984.45833,10.4589862,13462.6154,1
1984.5,11.3641293,13474.8132,1
1984.54167,10.9195508,13487.011,2
1984.58333,10.4749722,13499.2088,2
1984.625,10.0717319,13511.4067,1
1984.66667,9.66849158,13523.6045,0
1984.70833,9.74409368,13535.8023,2
1984.75,9.81969579,13548.0001,3
1984.79167,9.18927009,13560.1979,3
1984.83333,8.55884439,13572.3957,3
1984.875,8.23813299,13584.5935,3
1984.91667,7.9174216,13596.7914,4
1984.95833,8.38859984,13608.9892,2
1985,8.85977808,13621.187,1
1985.04167,8.11429584,13633.5742,3
1985.08333,7.36881361,13645.9614,4
1985.125,8.39501891,13658.3486,8
1985.16667,9.4212242,13670.7358,13
1985.20833,9.65443441,13683.123,9
1985.25,9.88764461,13695.5102,5
1985.29167,9.80849228,13707.8973,4
1985.33333,9.72933995,13720.2845,3
1985.375,9.4505864,13732.6717,2
1985.41667,9.17183285,13745.0589,1
1985.45833,9.81925266,13757.4461,0
1985.5,10.4666725,13769.8333,0
1985.54167,9.64510444,13782.2205,0
1985.58333,8.82353642,13794.6077,0
1985.625,9.2293053,13806.9949,0
1985.66667,9.63507418,13819.3821,0
1985.70833,9.32618172,13831.7693,0
1985.75,9.01728926,13844.1565,0
1985.79167,8.90824715,13856.5437,0
1985.83333,8.79920504,13868.9308,0
1985.875,8.76162194,13881.318,0
1985.91667,8.72403884,13893.7052,0
1985.95833,9.00241293,13906.0924,1
1986,9.28078702,13918.4796,1
1986.04167,8.82576158,13931.0518,1
1986.08333,8.37073614,13943.624,0
1986.125,8.6922153,13956.1962,0
1986.16667,9.01369445,13968.7684,0
1986.20833,8.91784877,13981.3406,0
1986.25,8.82200308,13993.9128,0
1986.29167,9.31761039,14006.485,0
1986.33333,9.81321769,14019.0572,0
1986.375,9.97763476,14031.6294,0
1986.41667,10.1420518,14044.2015,0
1986.45833,9.90184562,14056.7737,1
1986.5,9.66163941,14069.3459,1
1986.54167,9.94215269,14081.9181,1
1986.58333,10.222666,14094.4903,0
1986.625,9.92395904,14107.0625,4
1986.66667,9.62525211,14119.6347,8
1986.70833,9.52903463,14132.2069,13
1986.75,9.43281716,14144.7791,17
1986.79167,9.23467603,14157.3513,11
1986.83333,9.03653491,14169.9235,4
1986.875,8.91066295,14182.4957,2
1986.91667,8.784791,14195.0679,0
1986.95833,9.28473047,14207.6401,0
1987,9.78466993,14220.2122,0
1987.04167,8.86983401,14232.9651,1
1987.08333,7.95499808,14245.7179,1
1987.125,9.21124026,14258.4707,1
1987.16667,10.4674824,14271.2235,0
1987.20833,10.6895557,14283.9763,0
1987.25,10.9116289,14296.7292,0
1987.29167,10.8128444,14309.482,0
1987.33333,10.71406,14322.2348,0
1987.375,10.2500014,14334.9876,0
1987.41667,9.78594281,14347.7404,0
1987.45833,10.3443506,14360.4932,0
1987.5,10.9027584,14373.2461,0
1987.54167,10.9061425,14385.9989,0
1987.58333,10.9095267,14398.7517,0
1987.625,10.8836446,14411.5045,0
1987.66667,10.8577626,14424.2573,0
1987.70833,10.4218633,14437.0101,0
1987.75,9.98596406,14449.763,0
1987.79167,9.88649915,14462.5158,0
1987.83333,9.78703424,14475.2686,0
1987.875,10.127252,14488.0214,0
1987.91667,10.4674697,14500.7742,0
1987.95833,10.3826923,14513.5271,0
1988,10.2979149,14526.2799,0
1988.04167,10.1087384,14539.2089,0
1988.08333,9.91956196,14552.138,0
1988.125,11.1100398,14565.0671,0
1988.16667,12.3005176,14577.9961,0
1988.20833,12.0968478,14590.9252,0
1988.25,11.8931779,14603.8543,0
1988.29167,12.482504,14616.7833,0
1988.33333,13.07183,14629.7124,0
1988.375,12.6624637,14642.6415,0
1988.41667,12.2530973,14655.5705,0
1988.45833,12.3284619,14668.4996,0
1988.5,12.4038265,14681.4287,0
1988.54167,12.1999175,14694.3577,0
1988.58333,11.9960084,14707.2868,0
1988.625,11.8360895,14720.2159,0
1988.66667,11.6761705,14733.1449,0
1988.70833,11.4131822,14746.074,0
1988.75,11.1501938,14759.0031,0
1988.79167,10.7840412,14771.9321,0
1988.83333,10.4178886,14784.8612,0
1988.875,10.1839817,14797.7903,0
1988.91667,9.95007488,14810.7193,0
1988.95833,10.4080309,14823.6484,0
1989,10.8659869,14836.5775,0
1989.04167,10.0762034,14849.6784,0
1989.08333,9.2864199,14862.7793,0
1989.125,10.3837369,14875.8803,0
1989.16667,11.4810539,14888.9812,0
1989.20833,11.1921065,14902.0822,1
1989.25,10.9031591,14915.1831,1
1989.29167,11.3826574,14928.284,1
1989.33333,11.8621558,14941.385,0
1989.375,11.4246632,14954.4859,1
1989.41667,10.9871706,14967.5869,3
1989.45833,11.4826014,14980.6878,1
1989.5,11.9780321,14993.7887,0
1989.54167,12.3410012,15006.8897,0
1989.58333,12.7039703,15019.9906,0
1989.625,12.384283,15033.0915,0
1989.66667,12.0645957,15046.1925,0
1989.70833,11.7739189,15059.2934,0
1989.75,11.4832422,15072.3944,0
1989.79167,11.2812426,15085.4953,0
1989.83333,11.0792431,15098.5962,0
1989.875,10.7575074,15111.6972,0
1989.91667,10.4357717,15124.7981,0
